quant,fold,test_chunks,calibration_positions,test_positions,method,reference_temperature,reference_top_p,candidate_temperature,candidate_top_p,training_js,sampler_js,sampler_tv,sampler_support_jaccard
Q2_K_XL,0,0+1+2+3+4+5+6+7,256,504,same-settings,0.8,0.95,0.8,0.95,,0.06971547860533946,0.22433475031709624,0.6073216638811149
Q2_K_XL,0,0+1+2+3+4+5+6+7,256,504,tuned-temperature,0.8,0.95,0.7600000000000001,0.95,0.06655125622879154,0.06818539043201276,0.22014503270971575,0.6412297272541774
Q2_K_XL,0,0+1+2+3+4+5+6+7,256,504,tuned-temperature-top-p,0.8,0.95,0.7400000000000001,0.96,0.06626714647950394,0.06778031253876786,0.21983056458725875,0.6326070266557872
Q2_K_XL,0,0+1+2+3+4+5+6+7,256,504,tuned-top-p,0.8,0.95,0.8,0.9349999999999999,0.06753161068581903,0.06921473139548667,0.22258773371983792,0.64114750136613
Q2_K_XL,1,8+9+10+11+12+13+14+15,256,504,same-settings,0.8,0.95,0.8,0.95,,0.061368229457695544,0.19926485937598737,0.6326238503985943
Q2_K_XL,1,8+9+10+11+12+13+14+15,256,504,tuned-temperature,0.8,0.95,0.7650000000000001,0.95,0.06868514082668753,0.059593447449832825,0.19463193546315388,0.6650158168357158
Q2_K_XL,1,8+9+10+11+12+13+14+15,256,504,tuned-temperature-top-p,0.8,0.95,0.7450000000000001,0.96,0.06837047204408009,0.0592266841230744,0.19406025590641157,0.6553272810312329
Q2_K_XL,1,8+9+10+11+12+13+14+15,256,504,tuned-top-p,0.8,0.95,0.8,0.9299999999999999,0.06938330011007565,0.06055108993037027,0.1964733122020132,0.672679576993039
Q2_K_XL,2,16+17+18+19+20+21+22+23,256,504,same-settings,0.8,0.95,0.8,0.95,,0.06371227174133223,0.2128078797998439,0.6379901286875875
Q2_K_XL,2,16+17+18+19+20+21+22+23,256,504,tuned-temperature,0.8,0.95,0.7650000000000001,0.95,0.06651283628428928,0.06230172132543683,0.20886653789599974,0.6712826381324084
Q2_K_XL,2,16+17+18+19+20+21+22+23,256,504,tuned-temperature-top-p,0.8,0.95,0.7150000000000001,0.97,0.06612952947853046,0.062042063955145534,0.20883993452991403,0.6557531878034765
Q2_K_XL,2,16+17+18+19+20+21+22+23,256,504,tuned-top-p,0.8,0.95,0.8,0.9299999999999999,0.06731186190677363,0.0632946250293499,0.21079082016478337,0.6759259703967404
Q2_K_XL,3,24+25+26+27+28+29+30+31,256,504,same-settings,0.8,0.95,0.8,0.95,,0.07045736953555856,0.23363682699190186,0.611811183567883
Q2_K_XL,3,24+25+26+27+28+29+30+31,256,504,tuned-temperature,0.8,0.95,0.7600000000000001,0.95,0.059988066194709866,0.06928041654984034,0.22916886829845015,0.6402090112818245
Q2_K_XL,3,24+25+26+27+28+29+30+31,256,504,tuned-temperature-top-p,0.8,0.95,0.7150000000000001,0.97,0.059500605282664765,0.06917096868664163,0.2293367975360034,0.628861604717004
Q2_K_XL,3,24+25+26+27+28+29+30+31,256,504,tuned-top-p,0.8,0.95,0.8,0.9299999999999999,0.06093384490691278,0.07016964337012652,0.23142006126831152,0.6424878781448173
Q4_K_XL,0,0+1+2+3+4+5+6+7,256,504,same-settings,0.8,0.95,0.8,0.95,,0.007387500745232775,0.05909550917660079,0.8792079315425917
Q4_K_XL,0,0+1+2+3+4+5+6+7,256,504,tuned-temperature,0.8,0.95,0.7950000000000002,0.95,0.006976869963637,0.007406874653966836,0.059133118120602346,0.8786779701937357
Q4_K_XL,0,0+1+2+3+4+5+6+7,256,504,tuned-temperature-top-p,0.8,0.95,0.7800000000000001,0.96,0.006928014258988924,0.007542143456429051,0.05997780037236341,0.8672416319784331
Q4_K_XL,0,0+1+2+3+4+5+6+7,256,504,tuned-top-p,0.8,0.95,0.8,0.95,0.007015067443006728,0.007387500745232775,0.05909550917660079,0.8792079315425917
Q4_K_XL,1,8+9+10+11+12+13+14+15,256,504,same-settings,0.8,0.95,0.8,0.95,,0.006814290339900167,0.052833115141506175,0.8879187584464129
Q4_K_XL,1,8+9+10+11+12+13+14+15,256,504,tuned-temperature,0.8,0.95,0.7950000000000002,0.95,0.007355792963323893,0.006818322987489034,0.05272137940055617,0.8876029739540716
Q4_K_XL,1,8+9+10+11+12+13+14+15,256,504,tuned-temperature-top-p,0.8,0.95,0.7950000000000002,0.95,0.007355792963323893,0.006818322987489034,0.05272137940055617,0.8876029739540716
Q4_K_XL,1,8+9+10+11+12+13+14+15,256,504,tuned-top-p,0.8,0.95,0.8,0.95,0.007443205751542337,0.006814290339900167,0.052833115141506175,0.8879187584464129
Q4_K_XL,2,16+17+18+19+20+21+22+23,256,504,same-settings,0.8,0.95,0.8,0.95,,0.007409184145939117,0.058377641874979,0.877116984823871
Q4_K_XL,2,16+17+18+19+20+21+22+23,256,504,tuned-temperature,0.8,0.95,0.7950000000000002,0.95,0.007297394307329341,0.007413494934553455,0.05856894225063217,0.8777633192550228
Q4_K_XL,2,16+17+18+19+20+21+22+23,256,504,tuned-temperature-top-p,0.8,0.95,0.7800000000000001,0.955,0.007325018654029236,0.007564739240955359,0.05983046805837177,0.8751015316956242
Q4_K_XL,2,16+17+18+19+20+21+22+23,256,504,tuned-top-p,0.8,0.95,0.8,0.95,0.007387325187551141,0.007409184145939117,0.058377641874979,0.877116984823871
Q4_K_XL,3,24+25+26+27+28+29+30+31,256,504,same-settings,0.8,0.95,0.8,0.95,,0.007464223978353229,0.06063382456167823,0.8800221962985214
Q4_K_XL,3,24+25+26+27+28+29+30+31,256,504,tuned-temperature,0.8,0.95,0.7950000000000002,0.95,0.007272890613080563,0.007478402245707247,0.060640387651917066,0.8792018066189475
Q4_K_XL,3,24+25+26+27+28+29+30+31,256,504,tuned-temperature-top-p,0.8,0.95,0.7700000000000001,0.96,0.007320174254175527,0.007551476593316837,0.06235603888386062,0.8783994044551098
Q4_K_XL,3,24+25+26+27+28+29+30+31,256,504,tuned-top-p,0.8,0.95,0.8,0.95,0.007329564846571657,0.007464223978353229,0.06063382456167823,0.8800221962985214
Q8_K_XL,0,0+1+2+3+4+5+6+7,256,504,same-settings,0.8,0.95,0.8,0.95,,0.000923109396553844,0.013794947693693556,0.966986188144817
Q8_K_XL,0,0+1+2+3+4+5+6+7,256,504,tuned-temperature,0.8,0.95,0.8000000000000002,0.95,0.0008586009899964608,0.000923109396553844,0.013794947693693556,0.966986188144817
Q8_K_XL,0,0+1+2+3+4+5+6+7,256,504,tuned-temperature-top-p,0.8,0.95,0.8000000000000002,0.95,0.0008586009899964608,0.000923109396553844,0.013794947693693556,0.966986188144817
Q8_K_XL,0,0+1+2+3+4+5+6+7,256,504,tuned-top-p,0.8,0.95,0.8,0.95,0.0008586009899964608,0.000923109396553844,0.013794947693693556,0.966986188144817
Q8_K_XL,1,8+9+10+11+12+13+14+15,256,504,same-settings,0.8,0.95,0.8,0.95,,0.0007309785444953203,0.012663944354114522,0.9746911650745819
Q8_K_XL,1,8+9+10+11+12+13+14+15,256,504,tuned-temperature,0.8,0.95,0.8000000000000002,0.95,0.0009557453025585971,0.0007309785444953203,0.012663944354114522,0.9746911650745819
Q8_K_XL,1,8+9+10+11+12+13+14+15,256,504,tuned-temperature-top-p,0.8,0.95,0.8000000000000002,0.95,0.0009557453025585971,0.0007309785444953203,0.012663944354114522,0.9746911650745819
Q8_K_XL,1,8+9+10+11+12+13+14+15,256,504,tuned-top-p,0.8,0.95,0.8,0.95,0.0009557453025585971,0.0007309785444953203,0.012663944354114522,0.9746911650745819
Q8_K_XL,2,16+17+18+19+20+21+22+23,256,504,same-settings,0.8,0.95,0.8,0.95,,0.0008698304789031826,0.01437287420054735,0.9694216178305501
Q8_K_XL,2,16+17+18+19+20+21+22+23,256,504,tuned-temperature,0.8,0.95,0.8000000000000002,0.95,0.0008859195263646313,0.0008698304789031826,0.01437287420054735,0.9694216178305501
Q8_K_XL,2,16+17+18+19+20+21+22+23,256,504,tuned-temperature-top-p,0.8,0.95,0.8000000000000002,0.95,0.0008859195263646313,0.0008698304789031826,0.01437287420054735,0.9694216178305501
Q8_K_XL,2,16+17+18+19+20+21+22+23,256,504,tuned-top-p,0.8,0.95,0.8,0.95,0.0008859195263646313,0.0008698304789031826,0.01437287420054735,0.9694216178305501
Q8_K_XL,3,24+25+26+27+28+29+30+31,256,504,same-settings,0.8,0.95,0.8,0.95,,0.0009674678010180778,0.01487997936829555,0.9640281172364862
Q8_K_XL,3,24+25+26+27+28+29+30+31,256,504,tuned-temperature,0.8,0.95,0.8000000000000002,0.95,0.0007329975798704425,0.0009674678010180778,0.01487997936829555,0.9640281172364862
Q8_K_XL,3,24+25+26+27+28+29+30+31,256,504,tuned-temperature-top-p,0.8,0.95,0.8000000000000002,0.95,0.0007329975798704425,0.0009674678010180778,0.01487997936829555,0.9640281172364862
Q8_K_XL,3,24+25+26+27+28+29+30+31,256,504,tuned-top-p,0.8,0.95,0.8,0.95,0.0007329975798704425,0.0009674678010180778,0.01487997936829555,0.9640281172364862
