fold,test_chunks,head,strength,kl,js,tv,top1_agreement,top10_overlap
0,0+1+2+3+4+5+6+7,8,0.0,0.24092717048240178,0.055319260362329446,0.22312225734184188,0.7916666666666666,0.748015873015873
0,0+1+2+3+4+5+6+7,8,0.25,0.24051494482202024,0.05522180534277386,0.22281798372378467,0.7936507936507936,0.748015873015873
0,0+1+2+3+4+5+6+7,8,0.5,0.24014728918804654,0.05513413459470218,0.222547270049651,0.7956349206349206,0.748015873015873
0,0+1+2+3+4+5+6+7,8,1.0,0.23954525230175702,0.054988162208434326,0.22206597398343592,0.7976190476190477,0.748015873015873
0,0+1+2+3+4+5+6+7,8,1.5,0.23912122149946904,0.054881415628574,0.22167556164912106,0.7956349206349206,0.7478174603174604
0,0+1+2+3+4+5+6+7,8,2.0,0.23887498223946693,0.05481394581326481,0.2214197911863656,0.7936507936507936,0.7476190476190476
0,0+1+2+3+4+5+6+7,16,0.0,0.24092717048240178,0.055319260362329446,0.22312225734184188,0.7916666666666666,0.748015873015873
0,0+1+2+3+4+5+6+7,16,0.25,0.24046769505915266,0.055216845754268926,0.22281358893035627,0.7936507936507936,0.7478174603174604
0,0+1+2+3+4+5+6+7,16,0.5,0.24005881428728038,0.05512556934663446,0.22254236842496858,0.7956349206349206,0.7482142857142857
0,0+1+2+3+4+5+6+7,16,1.0,0.23939228176742391,0.0549765083977339,0.2220715920590183,0.7976190476190477,0.7464285714285716
0,0+1+2+3+4+5+6+7,16,1.5,0.2389276073522596,0.054872161050471255,0.2217043848434673,0.7956349206349206,0.7472222222222222
0,0+1+2+3+4+5+6+7,16,2.0,0.23866486919076932,0.05481257441937169,0.22148325052908077,0.7936507936507936,0.747420634920635
0,0+1+2+3+4+5+6+7,32,0.0,0.24092717048240178,0.055319260362329446,0.22312225734184188,0.7916666666666666,0.748015873015873
0,0+1+2+3+4+5+6+7,32,0.25,0.24044452112046577,0.05521385514961482,0.22280640185866984,0.7936507936507936,0.7478174603174604
0,0+1+2+3+4+5+6+7,32,0.5,0.24001680788690768,0.055120581603995605,0.22253002250952358,0.7956349206349206,0.7482142857142857
0,0+1+2+3+4+5+6+7,32,1.0,0.23932597310525283,0.054970510595062985,0.22205449297983987,0.7976190476190477,0.7464285714285716
0,0+1+2+3+4+5+6+7,32,1.5,0.23885467079318395,0.05486914469722092,0.2216923761695239,0.7956349206349206,0.7472222222222222
0,0+1+2+3+4+5+6+7,32,2.0,0.2386029737638074,0.054816557760641586,0.22149000132955576,0.7936507936507936,0.747420634920635
0,0+1+2+3+4+5+6+7,64,0.0,0.24092717048240178,0.055319260362329446,0.22312225734184188,0.7916666666666666,0.748015873015873
0,0+1+2+3+4+5+6+7,64,0.25,0.24043370766074595,0.055212407459517665,0.2228049953076166,0.7936507936507936,0.7478174603174604
0,0+1+2+3+4+5+6+7,64,0.5,0.2399981938572074,0.05511838565933301,0.2225280222725511,0.7956349206349206,0.7482142857142857
0,0+1+2+3+4+5+6+7,64,1.0,0.2393007321230788,0.05496887234375973,0.22205509635427412,0.7976190476190477,0.7464285714285716
0,0+1+2+3+4+5+6+7,64,1.5,0.2388348565157988,0.0548708379588312,0.22170089129513287,0.7956349206349206,0.7472222222222222
0,0+1+2+3+4+5+6+7,64,2.0,0.23860062244744362,0.05482436245415917,0.22151256248524454,0.7936507936507936,0.747420634920635
0,0+1+2+3+4+5+6+7,128,0.0,0.24092717048240178,0.055319260362329446,0.22312225734184188,0.7916666666666666,0.748015873015873
0,0+1+2+3+4+5+6+7,128,0.25,0.24042980303633996,0.05521186138956557,0.2228042721669356,0.7936507936507936,0.7478174603174604
0,0+1+2+3+4+5+6+7,128,0.5,0.23999266409829567,0.055117820748916656,0.22252770414937884,0.7956349206349206,0.7482142857142857
0,0+1+2+3+4+5+6+7,128,1.0,0.23929867944423763,0.05496987868623942,0.22205894177248064,0.7976190476190477,0.7464285714285716
0,0+1+2+3+4+5+6+7,128,1.5,0.238845368306347,0.05487554989496771,0.2217133901339987,0.7956349206349206,0.7472222222222222
0,0+1+2+3+4+5+6+7,128,2.0,0.23863274946900978,0.05483490112623807,0.22153739662335573,0.7936507936507936,0.747420634920635
0,0+1+2+3+4+5+6+7,256,0.0,0.24092717048240178,0.055319260362329446,0.22312225734184188,0.7916666666666666,0.748015873015873
0,0+1+2+3+4+5+6+7,256,0.25,0.24042535780164245,0.05521097663415189,0.22280299743186563,0.7936507936507936,0.7478174603174604
0,0+1+2+3+4+5+6+7,256,0.5,0.23998538050814422,0.05511641547628093,0.22252595452814675,0.7956349206349206,0.7482142857142857
0,0+1+2+3+4+5+6+7,256,1.0,0.23929060302820981,0.05496856647376926,0.2220585342006488,0.7976190476190477,0.7464285714285716
0,0+1+2+3+4+5+6+7,256,1.5,0.23884288507658297,0.05487581988815677,0.22171734118299874,0.7956349206349206,0.7472222222222222
0,0+1+2+3+4+5+6+7,256,2.0,0.2386422897922337,0.054838248604760845,0.22154842233632938,0.7936507936507936,0.747420634920635
1,8+9+10+11+12+13+14+15,8,0.0,0.20671188691487316,0.04802122744635765,0.20122285227438305,0.7857142857142857,0.7589285714285714
1,8+9+10+11+12+13+14+15,8,0.25,0.2064799827060539,0.047969665933055336,0.2011148856860047,0.7896825396825397,0.7589285714285714
1,8+9+10+11+12+13+14+15,8,0.5,0.2062859751852138,0.047926466117667856,0.20104321820725177,0.7896825396825397,0.7589285714285714
1,8+9+10+11+12+13+14+15,8,1.0,0.20601200504114106,0.047865215828764233,0.20096339092862534,0.7976190476190477,0.7591269841269842
1,8+9+10+11+12+13+14+15,8,1.5,0.2058908167805204,0.04783778980499837,0.2009603737207784,0.7956349206349206,0.7591269841269842
1,8+9+10+11+12+13+14+15,8,2.0,0.20592243607617483,0.04784437154586205,0.20104626168809803,0.7956349206349206,0.7593253968253968
1,8+9+10+11+12+13+14+15,16,0.0,0.20671188691487316,0.04802122744635765,0.20122285227438305,0.7857142857142857,0.7589285714285714
1,8+9+10+11+12+13+14+15,16,0.25,0.20645911348693186,0.04796584649401276,0.2011143291342633,0.7896825396825397,0.758531746031746
1,8+9+10+11+12+13+14+15,16,0.5,0.20624985676458313,0.04792008719762667,0.20104511027081556,0.7896825396825397,0.7597222222222222
1,8+9+10+11+12+13+14+15,16,1.0,0.20596221901830594,0.047857519113071095,0.20097806436685445,0.7976190476190477,0.7609126984126984
1,8+9+10+11+12+13+14+15,16,1.5,0.20584982882903768,0.04783380524862641,0.20099711082617605,0.7956349206349206,0.7597222222222222
1,8+9+10+11+12+13+14+15,16,2.0,0.2059128820863277,0.04784919179327325,0.2011101829151278,0.7956349206349206,0.7595238095238096
1,8+9+10+11+12+13+14+15,32,0.0,0.20671188691487316,0.04802122744635765,0.20122285227438305,0.7857142857142857,0.7589285714285714
1,8+9+10+11+12+13+14+15,32,0.25,0.2064530150736111,0.04796381946539982,0.20111032710524124,0.7896825396825397,0.758531746031746
1,8+9+10+11+12+13+14+15,32,0.5,0.20624189280137475,0.04791698249407058,0.2010389429409308,0.7896825396825397,0.7597222222222222
1,8+9+10+11+12+13+14+15,32,1.0,0.2059631863895404,0.047855143179431375,0.2009777011184818,0.7976190476190477,0.7609126984126984
1,8+9+10+11+12+13+14+15,32,1.5,0.20587659654345786,0.04783601931705746,0.20101047034270214,0.7956349206349206,0.7597222222222222
1,8+9+10+11+12+13+14+15,32,2.0,0.20598240087391903,0.04785984634225762,0.2011490423256758,0.7956349206349206,0.7595238095238096
1,8+9+10+11+12+13+14+15,64,0.0,0.20671188691487316,0.04802122744635765,0.20122285227438305,0.7857142857142857,0.7589285714285714
1,8+9+10+11+12+13+14+15,64,0.25,0.20643734669467795,0.04796080845369308,0.2011051659308953,0.7896825396825397,0.758531746031746
1,8+9+10+11+12+13+14+15,64,0.5,0.20621354926569915,0.04791165562620148,0.20103017454161928,0.7896825396825397,0.7597222222222222
1,8+9+10+11+12+13+14+15,64,1.0,0.20591844228938355,0.047847230051649786,0.20096531560307446,0.7976190476190477,0.7609126984126984
1,8+9+10+11+12+13+14+15,64,1.5,0.20582732434501763,0.04782826907192444,0.20099974071533888,0.7956349206349206,0.7597222222222222
1,8+9+10+11+12+13+14+15,64,2.0,0.20594046820524237,0.04785497418745606,0.20114722171566818,0.7956349206349206,0.7595238095238096
1,8+9+10+11+12+13+14+15,128,0.0,0.20671188691487316,0.04802122744635765,0.20122285227438305,0.7857142857142857,0.7589285714285714
1,8+9+10+11+12+13+14+15,128,0.25,0.20643499689855624,0.04795993843279734,0.20110414450430522,0.7896825396825397,0.758531746031746
1,8+9+10+11+12+13+14+15,128,0.5,0.20621089004210566,0.047910392296162604,0.20102908893399477,0.7896825396825397,0.7597222222222222
1,8+9+10+11+12+13+14+15,128,1.0,0.20592124726835975,0.04784661040022166,0.20096666741337396,0.7976190476190477,0.7609126984126984
1,8+9+10+11+12+13+14+15,128,1.5,0.20584367184212876,0.04783018901494619,0.20100683690254792,0.7956349206349206,0.7597222222222222
1,8+9+10+11+12+13+14+15,128,2.0,0.20597829231499937,0.0478613284906598,0.20116297473189676,0.7956349206349206,0.7595238095238096
1,8+9+10+11+12+13+14+15,256,0.0,0.20671188691487316,0.04802122744635765,0.20122285227438305,0.7857142857142857,0.7589285714285714
1,8+9+10+11+12+13+14+15,256,0.25,0.20643326280369798,0.04795937647216104,0.20110307605441377,0.7896825396825397,0.758531746031746
1,8+9+10+11+12+13+14+15,256,0.5,0.20620884097231268,0.04790960256907908,0.2010275950918344,0.7896825396825397,0.7597222222222222
1,8+9+10+11+12+13+14+15,256,1.0,0.20592286498418935,0.04784638518164444,0.200966105801897,0.7976190476190477,0.7609126984126984
1,8+9+10+11+12+13+14+15,256,1.5,0.20585462752891875,0.04783186552166101,0.20100976734719883,0.7956349206349206,0.7597222222222222
1,8+9+10+11+12+13+14+15,256,2.0,0.20600422842582183,0.047866242664662016,0.20117207667838571,0.7956349206349206,0.7595238095238096
2,16+17+18+19+20+21+22+23,8,0.0,0.20689404047637558,0.04776397219135351,0.20661873681678522,0.7400793650793651,0.7742063492063493
2,16+17+18+19+20+21+22+23,8,0.25,0.20662668177700408,0.04769042184713206,0.20631776797228438,0.7400793650793651,0.7742063492063493
2,16+17+18+19+20+21+22+23,8,0.5,0.20640539050651163,0.047627186134727634,0.20606251971112793,0.7400793650793651,0.7742063492063493
2,16+17+18+19+20+21+22+23,8,1.0,0.20610123862569174,0.04753179175061575,0.20569013834574434,0.746031746031746,0.774404761904762
2,16+17+18+19+20+21+22+23,8,1.5,0.20598158055806365,0.04747812136785854,0.20547638156555573,0.7361111111111112,0.7742063492063493
2,16+17+18+19+20+21+22+23,8,2.0,0.2060473415561622,0.04746635295157556,0.20541698742379103,0.7361111111111112,0.7742063492063493
2,16+17+18+19+20+21+22+23,16,0.0,0.20689404047637558,0.04776397219135351,0.20661873681678522,0.7400793650793651,0.7742063492063493
2,16+17+18+19+20+21+22+23,16,0.25,0.2065905817721253,0.04768424098599445,0.20629890113805088,0.7400793650793651,0.7746031746031746
2,16+17+18+19+20+21+22+23,16,0.5,0.20633970511535732,0.047616292366883715,0.20602934635803288,0.7400793650793651,0.7740079365079365
2,16+17+18+19+20+21+22+23,16,1.0,0.2059958380675039,0.04751582006415916,0.20564233290696438,0.746031746031746,0.775
2,16+17+18+19+20+21+22+23,16,1.5,0.20586249788416425,0.047462908023519615,0.20542691013970255,0.7361111111111112,0.7742063492063493
2,16+17+18+19+20+21+22+23,16,2.0,0.2059407014373666,0.04745773948534334,0.20538779289012063,0.7361111111111112,0.7732142857142859
2,16+17+18+19+20+21+22+23,32,0.0,0.20689404047637558,0.04776397219135351,0.20661873681678522,0.7400793650793651,0.7742063492063493
2,16+17+18+19+20+21+22+23,32,0.25,0.20656802270434763,0.047679253856683444,0.20628794006991066,0.7400793650793651,0.7746031746031746
2,16+17+18+19+20+21+22+23,32,0.5,0.20629930439278565,0.04760735772367933,0.20600889599246863,0.7400793650793651,0.7740079365079365
2,16+17+18+19+20+21+22+23,32,1.0,0.2059337086984958,0.047502174728173314,0.2056112645341417,0.746031746031746,0.775
2,16+17+18+19+20+21+22+23,32,1.5,0.20579739569977448,0.04744878576034461,0.2053945853339327,0.7361111111111112,0.7742063492063493
2,16+17+18+19+20+21+22+23,32,2.0,0.20589127043413533,0.04744736831373973,0.20536342064134794,0.7361111111111112,0.7732142857142859
2,16+17+18+19+20+21+22+23,64,0.0,0.20689404047637558,0.04776397219135351,0.20661873681678522,0.7400793650793651,0.7742063492063493
2,16+17+18+19+20+21+22+23,64,0.25,0.20656508612408664,0.04767829780045455,0.2062836659524836,0.7400793650793651,0.7746031746031746
2,16+17+18+19+20+21+22+23,64,0.5,0.20629669949484816,0.047606221951721435,0.20600244769827572,0.7400793650793651,0.7740079365079365
2,16+17+18+19+20+21+22+23,64,1.0,0.20594175994832883,0.04750295221610002,0.20560582992679666,0.746031746031746,0.775
2,16+17+18+19+20+21+22+23,64,1.5,0.20582931406186125,0.04745451374707327,0.2053972638261748,0.7361111111111112,0.7742063492063493
2,16+17+18+19+20+21+22+23,64,2.0,0.20596021455315036,0.04746110542072933,0.20538105888102556,0.7361111111111112,0.7732142857142859
2,16+17+18+19+20+21+22+23,128,0.0,0.20689404047637558,0.04776397219135351,0.20661873681678522,0.7400793650793651,0.7742063492063493
2,16+17+18+19+20+21+22+23,128,0.25,0.2065601573270662,0.04767711757237398,0.20628059633608722,0.7400793650793651,0.7746031746031746
2,16+17+18+19+20+21+22+23,128,0.5,0.20628926148652854,0.04760441000143334,0.20599751474470568,0.7400793650793651,0.7740079365079365
2,16+17+18+19+20+21+22+23,128,1.0,0.205936464994184,0.047501518710316215,0.20560058688190314,0.746031746031746,0.775
2,16+17+18+19+20+21+22+23,128,1.5,0.20583573176808717,0.047455640611376894,0.20539624982210092,0.7361111111111112,0.7742063492063493
2,16+17+18+19+20+21+22+23,128,2.0,0.20598785394887517,0.04746696055926191,0.2053902673099993,0.7361111111111112,0.7732142857142859
2,16+17+18+19+20+21+22+23,256,0.0,0.20689404047637558,0.04776397219135351,0.20661873681678522,0.7400793650793651,0.7742063492063493
2,16+17+18+19+20+21+22+23,256,0.25,0.2065542253789144,0.04767604006226953,0.20627837274269184,0.7400793650793651,0.7746031746031746
2,16+17+18+19+20+21+22+23,256,0.5,0.20627926906809801,0.047602670586853954,0.20599403288612111,0.7400793650793651,0.7740079365079365
2,16+17+18+19+20+21+22+23,256,1.0,0.20592396586220102,0.04749973287833936,0.20559742338064962,0.746031746031746,0.775
2,16+17+18+19+20+21+22+23,256,1.5,0.2058280880158395,0.04745548983913479,0.2053968197737309,0.7361111111111112,0.7742063492063493
2,16+17+18+19+20+21+22+23,256,2.0,0.20599247055264322,0.047470107881456405,0.2053982925921561,0.7361111111111112,0.7732142857142859
3,24+25+26+27+28+29+30+31,8,0.0,0.23135197366611956,0.053077387179971285,0.22524132477106862,0.7757936507936508,0.7476190476190476
3,24+25+26+27+28+29+30+31,8,0.25,0.23105709852582854,0.05301267467444949,0.2249767688270887,0.7777777777777778,0.7476190476190476
3,24+25+26+27+28+29+30+31,8,0.5,0.23080813483177318,0.0529582173823244,0.22475535788293027,0.7757936507936508,0.7476190476190476
3,24+25+26+27+28+29+30+31,8,1.0,0.23044793852352,0.05288004138764163,0.22440239142056342,0.7837301587301587,0.7476190476190476
3,24+25+26+27+28+29+30+31,8,1.5,0.23027131299631803,0.05284309119641991,0.22416855345508094,0.7857142857142857,0.7476190476190476
3,24+25+26+27+28+29+30+31,8,2.0,0.2302785666603981,0.052847557811204864,0.22412064982523183,0.7837301587301587,0.748015873015873
3,24+25+26+27+28+29+30+31,16,0.0,0.23135197366611956,0.053077387179971285,0.22524132477106862,0.7757936507936508,0.7476190476190476
3,24+25+26+27+28+29+30+31,16,0.25,0.23101526502972455,0.05300517696032185,0.22495867147292647,0.7777777777777778,0.7488095238095239
3,24+25+26+27+28+29+30+31,16,0.5,0.2307309137031841,0.05294460059847566,0.22472148508521578,0.7757936507936508,0.7486111111111111
3,24+25+26+27+28+29+30+31,16,1.0,0.23031872875470158,0.052858424401778945,0.22434522440836724,0.7837301587301587,0.749404761904762
3,24+25+26+27+28+29+30+31,16,1.5,0.23011579337900104,0.052819163885538326,0.22410034637929735,0.7857142857142857,0.749404761904762
3,24+25+26+27+28+29+30+31,16,2.0,0.23012233293362472,0.05282690879812796,0.2240532457410212,0.7837301587301587,0.75
3,24+25+26+27+28+29+30+31,32,0.0,0.23135197366611956,0.053077387179971285,0.22524132477106862,0.7757936507936508,0.7476190476190476
3,24+25+26+27+28+29+30+31,32,0.25,0.2309989264810163,0.053002143362395115,0.22495444773350812,0.7777777777777778,0.7488095238095239
3,24+25+26+27+28+29+30+31,32,0.5,0.23070302559279385,0.05293959205325322,0.2247157041849624,0.7757936507936508,0.7486111111111111
3,24+25+26+27+28+29+30+31,32,1.0,0.23028233446287535,0.05285272531401706,0.22434280085023298,0.7837301587301587,0.749404761904762
3,24+25+26+27+28+29+30+31,32,1.5,0.2300901917626597,0.05281711866179634,0.2241095566472405,0.7857142857142857,0.749404761904762
3,24+25+26+27+28+29+30+31,32,2.0,0.23012688398020623,0.052832823549301286,0.2240876776108457,0.7837301587301587,0.75
3,24+25+26+27+28+29+30+31,64,0.0,0.23135197366611956,0.053077387179971285,0.22524132477106862,0.7757936507936508,0.7476190476190476
3,24+25+26+27+28+29+30+31,64,0.25,0.23098199429434663,0.052999209516706794,0.224949021756546,0.7777777777777778,0.7488095238095239
3,24+25+26+27+28+29+30+31,64,0.5,0.23067281243146726,0.05293454352180388,0.22470685544716876,0.7757936507936508,0.7486111111111111
3,24+25+26+27+28+29+30+31,64,1.0,0.2302362506291083,0.05284581705268826,0.2243326700161214,0.7837301587301587,0.749404761904762
3,24+25+26+27+28+29+30+31,64,1.5,0.23004266570664877,0.05281158044646064,0.2241058902939022,0.7857142857142857,0.749404761904762
3,24+25+26+27+28+29+30+31,64,2.0,0.23009256888629656,0.052831867062852526,0.22409591268828197,0.7837301587301587,0.75
3,24+25+26+27+28+29+30+31,128,0.0,0.23135197366611956,0.053077387179971285,0.22524132477106862,0.7757936507936508,0.7476190476190476
3,24+25+26+27+28+29+30+31,128,0.25,0.23097371550925128,0.05299783009930555,0.2249456850089094,0.7777777777777778,0.7488095238095239
3,24+25+26+27+28+29+30+31,128,0.5,0.2306589626330115,0.05293238235461623,0.2247013250098029,0.7757936507936508,0.7486111111111111
3,24+25+26+27+28+29+30+31,128,1.0,0.2302193349364282,0.05284388832350242,0.2243269129795076,0.7837301587301587,0.749404761904762
3,24+25+26+27+28+29+30+31,128,1.5,0.23003346048449563,0.05281228452379707,0.22410414515922192,0.7857142857142857,0.749404761904762
3,24+25+26+27+28+29+30+31,128,2.0,0.2301018536081323,0.05283759437454844,0.22410273088370025,0.7837301587301587,0.75
3,24+25+26+27+28+29+30+31,256,0.0,0.23135197366611956,0.053077387179971285,0.22524132477106862,0.7757936507936508,0.7476190476190476
3,24+25+26+27+28+29+30+31,256,0.25,0.2309624673203322,0.052996208810161496,0.22494266866557328,0.7777777777777778,0.7488095238095239
3,24+25+26+27+28+29+30+31,256,0.5,0.23063842252959726,0.052929572084867545,0.2246962278322104,0.7757936507936508,0.7486111111111111
3,24+25+26+27+28+29+30+31,256,1.0,0.23018608645967711,0.05284003048949498,0.22432067321059304,0.7837301587301587,0.749404761904762
3,24+25+26+27+28+29+30+31,256,1.5,0.22999533243608541,0.05280913462037721,0.22410034849807353,0.7857142857142857,0.749404761904762
3,24+25+26+27+28+29+30+31,256,2.0,0.23006653248465603,0.05283691216439524,0.22410541572219425,0.7837301587301587,0.75
