quant,fold,test_chunks,train_chunks,calibration_chunks,calibration_positions,test_positions,temperature,method,scale,equivalent_quant_temperature,kl,js,tv,acceptance,top1_agreement,top10_overlap
Q2_K_XL,0,0+1+2+3+4+5+6+7,8,1,63,504,0.8,identity,1.0099203522459788,0.792141675549826,0.2753271094403165,0.06105762936918509,0.22401723235481177,0.7759827676451883,0.7896825396825397,0.7468253968253967
Q2_K_XL,0,0+1+2+3+4+5+6+7,8,1,63,504,0.8,target-temperature,1.0099203522459788,0.792141675549826,0.2755929101048033,0.06071838861704229,0.22292308280413045,0.7770769171958696,0.7896825396825397,0.7468253968253967
Q2_K_XL,0,0+1+2+3+4+5+6+7,8,1,63,504,0.8,target-temperature+entropy-token,1.0099203522459788,0.792141675549826,0.2756275631396016,0.061089919824426596,0.22463607967130075,0.7753639203286993,0.7777777777777778,0.7452380952380953
Q2_K_XL,0,0+1+2+3+4+5+6+7,8,1,63,504,0.8,target-temperature+token,1.0099203522459788,0.792141675549826,0.2797299283805091,0.06214434524470233,0.22658376216165582,0.7734162378383442,0.7718253968253969,0.745436507936508
Q2_K_XL,0,0+1+2+3+4+5+6+7,8,1,63,504,1.0,identity,1.038358411644957,0.9630586017171182,0.24319219512174656,0.055900368591766086,0.2244464283986807,0.7755535716013193,0.7896825396825397,0.7468253968253967
Q2_K_XL,0,0+1+2+3+4+5+6+7,8,1,63,504,1.0,target-temperature,1.038358411644957,0.9630586017171182,0.24071609764152008,0.0540967224991373,0.21861736193005482,0.7813826380699451,0.7896825396825397,0.7468253968253967
Q2_K_XL,0,0+1+2+3+4+5+6+7,8,1,63,504,1.0,target-temperature+entropy-token,1.038358411644957,0.9630586017171182,0.23903328738875673,0.05394064228763123,0.21880236318524804,0.781197636814752,0.7757936507936508,0.7472222222222222
Q2_K_XL,0,0+1+2+3+4+5+6+7,8,1,63,504,1.0,target-temperature+token,1.038358411644957,0.9630586017171182,0.24194622606840327,0.05486839951766789,0.22147607741348949,0.7785239225865105,0.7698412698412699,0.7472222222222222
Q2_K_XL,0,0+1+2+3+4+5+6+7,8+9,2,126,504,0.8,identity,0.9810426705264119,0.8154589234846765,0.2753271094403165,0.06105762936918509,0.22401723235481177,0.7759827676451883,0.7896825396825397,0.7468253968253967
Q2_K_XL,0,0+1+2+3+4+5+6+7,8+9,2,126,504,0.8,target-temperature,0.9810426705264119,0.8154589234846765,0.2756332098707635,0.061889114854978514,0.22657984255524102,0.773420157444759,0.7896825396825397,0.7468253968253967
Q2_K_XL,0,0+1+2+3+4+5+6+7,8+9,2,126,504,0.8,target-temperature+entropy-token,0.9810426705264119,0.8154589234846765,0.27789243366113886,0.06267410652793254,0.22983859059056722,0.7701614094094328,0.7757936507936508,0.7490079365079365
Q2_K_XL,0,0+1+2+3+4+5+6+7,8+9,2,126,504,0.8,target-temperature+token,0.9810426705264119,0.8154589234846765,0.279691199893066,0.06315077887833087,0.23062718258948475,0.7693728174105152,0.7718253968253969,0.7450396825396826
Q2_K_XL,0,0+1+2+3+4+5+6+7,8+9,2,126,504,1.0,identity,1.0199937264293621,0.980398186860077,0.24319219512174656,0.055900368591766086,0.2244464283986807,0.7755535716013193,0.7896825396825397,0.7468253968253967
Q2_K_XL,0,0+1+2+3+4+5+6+7,8+9,2,126,504,1.0,target-temperature,1.0199937264293621,0.980398186860077,0.24109282261783918,0.05477635892136624,0.22089393674486063,0.7791060632551394,0.7896825396825397,0.7468253968253967
Q2_K_XL,0,0+1+2+3+4+5+6+7,8+9,2,126,504,1.0,target-temperature+entropy-token,1.0199937264293621,0.980398186860077,0.24013731179908815,0.05485538455464516,0.2226945366343739,0.7773054633656261,0.7777777777777778,0.7484126984126985
Q2_K_XL,0,0+1+2+3+4+5+6+7,8+9,2,126,504,1.0,target-temperature+token,1.0199937264293621,0.980398186860077,0.24148789897738007,0.05529805472141316,0.22357114180646484,0.7764288581935351,0.7777777777777778,0.7454365079365081
Q2_K_XL,0,0+1+2+3+4+5+6+7,8+9+10+11,4,252,504,0.8,identity,1.0044809985369016,0.7964311929894714,0.2753271094403165,0.06105762936918509,0.22401723235481177,0.7759827676451883,0.7896825396825397,0.7468253968253967
Q2_K_XL,0,0+1+2+3+4+5+6+7,8+9+10+11,4,252,504,0.8,target-temperature,1.0044809985369016,0.7964311929894714,0.2754120649701293,0.06089660053681174,0.22350419401281907,0.7764958059871809,0.7896825396825397,0.7468253968253967
Q2_K_XL,0,0+1+2+3+4+5+6+7,8+9+10+11,4,252,504,0.8,target-temperature+entropy-token,1.0044809985369016,0.7964311929894714,0.2745003525378634,0.061236557098056886,0.22641111880063133,0.7735888811993686,0.7916666666666666,0.751388888888889
Q2_K_XL,0,0+1+2+3+4+5+6+7,8+9+10+11,4,252,504,0.8,target-temperature+token,1.0044809985369016,0.7964311929894714,0.2744677421031531,0.061341964537464246,0.22648670484035652,0.7735132951596435,0.7956349206349206,0.7448412698412697
Q2_K_XL,0,0+1+2+3+4+5+6+7,8+9+10+11,4,252,504,1.0,identity,1.0363574877169255,0.9649180054683444,0.24319219512174656,0.055900368591766086,0.2244464283986807,0.7755535716013193,0.7896825396825397,0.7468253968253967
Q2_K_XL,0,0+1+2+3+4+5+6+7,8+9+10+11,4,252,504,1.0,target-temperature,1.0363574877169255,0.9649180054683444,0.24068854964120656,0.054155456771876206,0.21881756478863296,0.781182435211367,0.7896825396825397,0.7468253968253967
Q2_K_XL,0,0+1+2+3+4+5+6+7,8+9+10+11,4,252,504,1.0,target-temperature+entropy-token,1.0363574877169255,0.9649180054683444,0.23790912057267546,0.0540548649516625,0.22048912507526683,0.7795108749247331,0.7876984126984127,0.7498015873015874
Q2_K_XL,0,0+1+2+3+4+5+6+7,8+9+10+11,4,252,504,1.0,target-temperature+token,1.0363574877169255,0.9649180054683444,0.2377974225473447,0.054161746167964674,0.22097613080243012,0.7790238691975699,0.7896825396825397,0.7474206349206349
Q2_K_XL,0,0+1+2+3+4+5+6+7,8+9+10+11+12+13+14+15,8,504,504,0.8,identity,1.0082500359967599,0.7934539761351131,0.2753271094403165,0.06105762936918509,0.22401723235481177,0.7759827676451883,0.7896825396825397,0.7468253968253967
Q2_K_XL,0,0+1+2+3+4+5+6+7,8+9+10+11+12+13+14+15,8,504,504,0.8,target-temperature,1.0082500359967599,0.7934539761351131,0.2755284257297306,0.06077112989247427,0.22309591615885077,0.7769040838411492,0.7896825396825397,0.7468253968253967
Q2_K_XL,0,0+1+2+3+4+5+6+7,8+9+10+11+12+13+14+15,8,504,504,0.8,target-temperature+entropy-token,1.0082500359967599,0.7934539761351131,0.27316119377815806,0.06101263114402355,0.2261448144607505,0.7738551855392495,0.7876984126984127,0.7509920634920635
Q2_K_XL,0,0+1+2+3+4+5+6+7,8+9+10+11+12+13+14+15,8,504,504,0.8,target-temperature+token,1.0082500359967599,0.7934539761351131,0.27250610024959804,0.06076826907470182,0.22453871455042776,0.7754612854495723,0.7936507936507936,0.7484126984126984
Q2_K_XL,0,0+1+2+3+4+5+6+7,8+9+10+11+12+13+14+15,8,504,504,1.0,identity,1.0395475019340963,0.9619570035419089,0.24319219512174656,0.055900368591766086,0.2244464283986807,0.7755535716013193,0.7896825396825397,0.7468253968253967
Q2_K_XL,0,0+1+2+3+4+5+6+7,8+9+10+11+12+13+14+15,8,504,504,1.0,target-temperature,1.0395475019340963,0.9619570035419089,0.24074021100040272,0.054063514833882116,0.21850236863102754,0.7814976313689724,0.7896825396825397,0.7468253968253967
Q2_K_XL,0,0+1+2+3+4+5+6+7,8+9+10+11+12+13+14+15,8,504,504,1.0,target-temperature+entropy-token,1.0395475019340963,0.9619570035419089,0.23742731343800044,0.053934736269083156,0.22037992087355215,0.7796200791264478,0.7896825396825397,0.7515873015873016
Q2_K_XL,0,0+1+2+3+4+5+6+7,8+9+10+11+12+13+14+15,8,504,504,1.0,target-temperature+token,1.0395475019340963,0.9619570035419089,0.23731609462583225,0.05396247435544951,0.22003196853851448,0.7799680314614855,0.7837301587301587,0.7494047619047619
Q2_K_XL,0,0+1+2+3+4+5+6+7,8+9+10+11+12+13+14+15+16+17+18+19+20+21+22+23,16,1008,504,0.8,identity,1.0014384797680878,0.7988508691869552,0.2753271094403165,0.06105762936918509,0.22401723235481177,0.7759827676451883,0.7896825396825397,0.7468253968253967
Q2_K_XL,0,0+1+2+3+4+5+6+7,8+9+10+11+12+13+14+15+16+17+18+19+20+21+22+23,16,1008,504,0.8,target-temperature,1.0014384797680878,0.7988508691869552,0.2753480218721268,0.061004527181062314,0.22384831801432772,0.7761516819856723,0.7896825396825397,0.7468253968253967
Q2_K_XL,0,0+1+2+3+4+5+6+7,8+9+10+11+12+13+14+15+16+17+18+19+20+21+22+23,16,1008,504,0.8,target-temperature+entropy-token,1.0014384797680878,0.7988508691869552,0.2685207815319671,0.06008262651130912,0.22352691985773682,0.7764730801422632,0.7936507936507936,0.7517857142857144
Q2_K_XL,0,0+1+2+3+4+5+6+7,8+9+10+11+12+13+14+15+16+17+18+19+20+21+22+23,16,1008,504,0.8,target-temperature+token,1.0014384797680878,0.7988508691869552,0.2680780612354572,0.059945158530470485,0.22282113098461354,0.7771788690153865,0.7936507936507936,0.7509920634920635
Q2_K_XL,0,0+1+2+3+4+5+6+7,8+9+10+11+12+13+14+15+16+17+18+19+20+21+22+23,16,1008,504,1.0,identity,1.033372306427704,0.9677054376045069,0.24319219512174656,0.055900368591766086,0.2244464283986807,0.7755535716013193,0.7896825396825397,0.7468253968253967
Q2_K_XL,0,0+1+2+3+4+5+6+7,8+9+10+11+12+13+14+15+16+17+18+19+20+21+22+23,16,1008,504,1.0,target-temperature,1.033372306427704,0.9677054376045069,0.24067797227840018,0.05424983924705437,0.21914227852181603,0.780857721478184,0.7896825396825397,0.7468253968253967
Q2_K_XL,0,0+1+2+3+4+5+6+7,8+9+10+11+12+13+14+15+16+17+18+19+20+21+22+23,16,1008,504,1.0,target-temperature+entropy-token,1.033372306427704,0.9677054376045069,0.23435979274810442,0.05344447357726624,0.21911840016412223,0.7808815998358778,0.7896825396825397,0.7527777777777778
Q2_K_XL,0,0+1+2+3+4+5+6+7,8+9+10+11+12+13+14+15+16+17+18+19+20+21+22+23,16,1008,504,1.0,target-temperature+token,1.033372306427704,0.9677054376045069,0.23451963075364354,0.05347281288116767,0.21887152187067957,0.7811284781293204,0.7817460317460317,0.75
Q2_K_XL,0,0+1+2+3+4+5+6+7,8+9+10+11+12+13+14+15+16+17+18+19+20+21+22+23+24+25+26+27+28+29+30+31,24,1512,504,0.8,identity,0.9947619648419237,0.8042124933145458,0.2753271094403165,0.06105762936918509,0.22401723235481177,0.7759827676451883,0.7896825396825397,0.7468253968253967
Q2_K_XL,0,0+1+2+3+4+5+6+7,8+9+10+11+12+13+14+15+16+17+18+19+20+21+22+23+24+25+26+27+28+29+30+31,24,1512,504,0.8,target-temperature,0.9947619648419237,0.8042124933145458,0.27530257453259216,0.06126264287089119,0.22466438360777555,0.7753356163922245,0.7896825396825397,0.7468253968253967
Q2_K_XL,0,0+1+2+3+4+5+6+7,8+9+10+11+12+13+14+15+16+17+18+19+20+21+22+23+24+25+26+27+28+29+30+31,24,1512,504,0.8,target-temperature+entropy-token,0.9947619648419237,0.8042124933145458,0.2662266919751779,0.05984813089007152,0.22313381054783668,0.7768661894521633,0.7916666666666666,0.7513888888888889
Q2_K_XL,0,0+1+2+3+4+5+6+7,8+9+10+11+12+13+14+15+16+17+18+19+20+21+22+23+24+25+26+27+28+29+30+31,24,1512,504,0.8,target-temperature+token,0.9947619648419237,0.8042124933145458,0.26590086824633846,0.05976039855135767,0.2226678490587657,0.7773321509412343,0.7956349206349206,0.7507936507936508
Q2_K_XL,0,0+1+2+3+4+5+6+7,8+9+10+11+12+13+14+15+16+17+18+19+20+21+22+23+24+25+26+27+28+29+30+31,24,1512,504,1.0,identity,1.0281115345319631,0.9726571158986553,0.24319219512174656,0.055900368591766086,0.2244464283986807,0.7755535716013193,0.7896825396825397,0.7468253968253967
Q2_K_XL,0,0+1+2+3+4+5+6+7,8+9+10+11+12+13+14+15+16+17+18+19+20+21+22+23+24+25+26+27+28+29+30+31,24,1512,504,1.0,target-temperature,1.0281115345319631,0.9726571158986553,0.2407496629909604,0.05443639958700317,0.21977390360685634,0.7802260963931437,0.7896825396825397,0.7468253968253967
Q2_K_XL,0,0+1+2+3+4+5+6+7,8+9+10+11+12+13+14+15+16+17+18+19+20+21+22+23+24+25+26+27+28+29+30+31,24,1512,504,1.0,target-temperature+entropy-token,1.0281115345319631,0.9726571158986553,0.23309288257275643,0.0533383230784253,0.21889500933292086,0.7811049906670792,0.7876984126984127,0.7531746031746033
Q2_K_XL,0,0+1+2+3+4+5+6+7,8+9+10+11+12+13+14+15+16+17+18+19+20+21+22+23+24+25+26+27+28+29+30+31,24,1512,504,1.0,target-temperature+token,1.0281115345319631,0.9726571158986553,0.23302199476021332,0.05331888406143417,0.21877146434740602,0.781228535652594,0.7857142857142857,0.7503968253968253
Q2_K_XL,1,8+9+10+11+12+13+14+15,16,1,63,504,0.8,identity,1.006576418496927,0.7947732385729861,0.23576642971088874,0.052508054917490526,0.19817321114874897,0.801826788851251,0.7797619047619048,0.7617063492063492
Q2_K_XL,1,8+9+10+11+12+13+14+15,16,1,63,504,0.8,target-temperature,1.006576418496927,0.7947732385729861,0.2356781071134047,0.05227594993469879,0.19732501425733603,0.8026749857426639,0.7797619047619048,0.7617063492063492
Q2_K_XL,1,8+9+10+11+12+13+14+15,16,1,63,504,0.8,target-temperature+entropy-token,1.006576418496927,0.7947732385729861,0.23464900079120202,0.05252708253343335,0.19836439798545927,0.8016356020145408,0.7916666666666666,0.7607142857142857
Q2_K_XL,1,8+9+10+11+12+13+14+15,16,1,63,504,0.8,target-temperature+token,1.006576418496927,0.7947732385729861,0.23841606093699266,0.05349198710602916,0.2004741943969017,0.7995258056030983,0.7876984126984127,0.7575396825396825
Q2_K_XL,1,8+9+10+11+12+13+14+15,16,1,63,504,1.0,identity,1.0381363876922396,0.9632645689483863,0.20634276744802207,0.047889709001671533,0.20094857405735048,0.7990514259426496,0.7797619047619048,0.7617063492063492
Q2_K_XL,1,8+9+10+11+12+13+14+15,16,1,63,504,1.0,target-temperature,1.0381363876922396,0.9632645689483863,0.20314804884853604,0.0460890334185048,0.1943171088924135,0.8056828911075865,0.7797619047619048,0.7617063492063492
Q2_K_XL,1,8+9+10+11+12+13+14+15,16,1,63,504,1.0,target-temperature+entropy-token,1.0381363876922396,0.9632645689483863,0.20222153662145487,0.046196838098193804,0.1950857546738671,0.8049142453261329,0.7896825396825397,0.7601190476190477
Q2_K_XL,1,8+9+10+11+12+13+14+15,16,1,63,504,1.0,target-temperature+token,1.0381363876922396,0.9632645689483863,0.20487290028444882,0.04689356653489356,0.1967875033757183,0.8032124966242817,0.7896825396825397,0.7575396825396824
Q2_K_XL,1,8+9+10+11+12+13+14+15,16+17,2,126,504,0.8,identity,0.9947254377839707,0.8042420245954742,0.23576642971088874,0.052508054917490526,0.19817321114874897,0.801826788851251,0.7797619047619048,0.7617063492063492
Q2_K_XL,1,8+9+10+11+12+13+14+15,16+17,2,126,504,0.8,target-temperature,0.9947254377839707,0.8042420245954742,0.23592164834419313,0.05271352662554241,0.19889407460025016,0.8011059253997499,0.7797619047619048,0.7617063492063492
Q2_K_XL,1,8+9+10+11+12+13+14+15,16+17,2,126,504,0.8,target-temperature+entropy-token,0.9947254377839707,0.8042420245954742,0.2346750142350281,0.05297794206389468,0.1999837124753362,0.8000162875246638,0.7876984126984127,0.7615079365079366
Q2_K_XL,1,8+9+10+11+12+13+14+15,16+17,2,126,504,0.8,target-temperature+token,0.9947254377839707,0.8042420245954742,0.2383252013402685,0.05385409932977919,0.2022171326149832,0.7977828673850168,0.7718253968253969,0.7597222222222222
Q2_K_XL,1,8+9+10+11+12+13+14+15,16+17,2,126,504,1.0,identity,1.027915712986918,0.972842410487334,0.20634276744802207,0.047889709001671533,0.20094857405735048,0.7990514259426496,0.7797619047619048,0.7617063492063492
Q2_K_XL,1,8+9+10+11+12+13+14+15,16+17,2,126,504,1.0,target-temperature,1.027915712986918,0.972842410487334,0.20341195309699273,0.04643557987140904,0.19575633960295588,0.8042436603970441,0.7797619047619048,0.7617063492063492
Q2_K_XL,1,8+9+10+11+12+13+14+15,16+17,2,126,504,1.0,target-temperature+entropy-token,1.027915712986918,0.972842410487334,0.2023523643069821,0.04657443013015818,0.19668597030082194,0.8033140296991781,0.7738095238095238,0.7603174603174603
Q2_K_XL,1,8+9+10+11+12+13+14+15,16+17,2,126,504,1.0,target-temperature+token,1.027915712986918,0.972842410487334,0.20461696792315864,0.047150732778479976,0.1982053585396941,0.8017946414603059,0.7757936507936508,0.7603174603174603
Q2_K_XL,1,8+9+10+11+12+13+14+15,16+17+18+19,4,252,504,0.8,identity,1.001733639215006,0.7986154888707825,0.23576642971088874,0.052508054917490526,0.19817321114874897,0.801826788851251,0.7797619047619048,0.7617063492063492
Q2_K_XL,1,8+9+10+11+12+13+14+15,16+17+18+19,4,252,504,0.8,target-temperature,1.001733639215006,0.7986154888707825,0.23573195220924778,0.05244430994412423,0.19794533333358577,0.8020546666664142,0.7797619047619048,0.7617063492063492
Q2_K_XL,1,8+9+10+11+12+13+14+15,16+17+18+19,4,252,504,0.8,target-temperature+entropy-token,1.001733639215006,0.7986154888707825,0.23529873316481786,0.052967199521763264,0.2002153864052237,0.7997846135947763,0.7817460317460317,0.7583333333333334
Q2_K_XL,1,8+9+10+11+12+13+14+15,16+17+18+19,4,252,504,0.8,target-temperature+token,1.001733639215006,0.7986154888707825,0.23551941271477655,0.05298491715842551,0.20049382963611878,0.7995061703638813,0.7777777777777778,0.7587301587301588
Q2_K_XL,1,8+9+10+11+12+13+14+15,16+17+18+19,4,252,504,1.0,identity,1.029411907126669,0.9714284370298722,0.20634276744802207,0.047889709001671533,0.20094857405735048,0.7990514259426496,0.7797619047619048,0.7617063492063492
Q2_K_XL,1,8+9+10+11+12+13+14+15,16+17+18+19,4,252,504,1.0,target-temperature,1.029411907126669,0.9714284370298722,0.20334733665377205,0.046378978609684256,0.19553486800330372,0.8044651319966962,0.7797619047619048,0.7617063492063492
Q2_K_XL,1,8+9+10+11+12+13+14+15,16+17+18+19,4,252,504,1.0,target-temperature+entropy-token,1.029411907126669,0.9714284370298722,0.20228910443595144,0.046528002845520174,0.19661097747200348,0.8033890225279965,0.7837301587301587,0.7597222222222222
Q2_K_XL,1,8+9+10+11+12+13+14+15,16+17+18+19,4,252,504,1.0,target-temperature+token,1.029411907126669,0.9714284370298722,0.20295786936868165,0.04671704315719833,0.19743689579091653,0.8025631042090835,0.7738095238095238,0.7573412698412699
Q2_K_XL,1,8+9+10+11+12+13+14+15,16+17+18+19+20+21+22+23,8,504,504,0.8,identity,0.9956448967858867,0.8034993224818787,0.23576642971088874,0.052508054917490526,0.19817321114874897,0.801826788851251,0.7797619047619048,0.7617063492063492
Q2_K_XL,1,8+9+10+11+12+13+14+15,16+17+18+19+20+21+22+23,8,504,504,0.8,target-temperature,0.9956448967858867,0.8034993224818787,0.235889099142812,0.05267643814461029,0.19876383913430118,0.8012361608656988,0.7797619047619048,0.7617063492063492
Q2_K_XL,1,8+9+10+11+12+13+14+15,16+17+18+19+20+21+22+23,8,504,504,0.8,target-temperature+entropy-token,0.9956448967858867,0.8034993224818787,0.23628130494141497,0.05333224586782921,0.20083681252956304,0.799163187470437,0.7916666666666666,0.7621031746031747
Q2_K_XL,1,8+9+10+11+12+13+14+15,16+17+18+19+20+21+22+23,8,504,504,0.8,target-temperature+token,0.9956448967858867,0.8034993224818787,0.23450366293457045,0.052848085443678534,0.1997946670683141,0.8002053329316858,0.7857142857142857,0.7619047619047619
Q2_K_XL,1,8+9+10+11+12+13+14+15,16+17+18+19+20+21+22+23,8,504,504,1.0,identity,1.0279331419734337,0.9728259155845415,0.20634276744802207,0.047889709001671533,0.20094857405735048,0.7990514259426496,0.7797619047619048,0.7617063492063492
Q2_K_XL,1,8+9+10+11+12+13+14+15,16+17+18+19+20+21+22+23,8,504,504,1.0,target-temperature,1.0279331419734337,0.9728259155845415,0.20341114845045344,0.04643490657504288,0.19575374088664454,0.8042462591133555,0.7797619047619048,0.7617063492063492
Q2_K_XL,1,8+9+10+11+12+13+14+15,16+17+18+19+20+21+22+23,8,504,504,1.0,target-temperature+entropy-token,1.0279331419734337,0.9728259155845415,0.20409743630315216,0.04698837862885183,0.19774799171136692,0.8022520082886331,0.7837301587301587,0.7605158730158731
Q2_K_XL,1,8+9+10+11+12+13+14+15,16+17+18+19+20+21+22+23,8,504,504,1.0,target-temperature+token,1.0279331419734337,0.9728259155845415,0.20183900619461037,0.046435352820922274,0.19643067963749947,0.8035693203625005,0.7777777777777778,0.7601190476190477
Q2_K_XL,1,8+9+10+11+12+13+14+15,16+17+18+19+20+21+22+23+24+25+26+27+28+29+30+31,16,1008,504,0.8,identity,0.9892618500647083,0.8086837675461471,0.23576642971088874,0.052508054917490526,0.19817321114874897,0.801826788851251,0.7797619047619048,0.7617063492063492
Q2_K_XL,1,8+9+10+11+12+13+14+15,16+17+18+19+20+21+22+23+24+25+26+27+28+29+30+31,16,1008,504,0.8,target-temperature,0.9892618500647083,0.8086837675461471,0.23616369918255126,0.05294511982781712,0.19969154642226583,0.8003084535777342,0.7797619047619048,0.7617063492063492
Q2_K_XL,1,8+9+10+11+12+13+14+15,16+17+18+19+20+21+22+23+24+25+26+27+28+29+30+31,16,1008,504,0.8,target-temperature+entropy-token,0.9892618500647083,0.8086837675461471,0.23427253781885213,0.052856838783108054,0.2004703664690741,0.7995296335309259,0.7857142857142857,0.7621031746031747
Q2_K_XL,1,8+9+10+11+12+13+14+15,16+17+18+19+20+21+22+23+24+25+26+27+28+29+30+31,16,1008,504,0.8,target-temperature+token,0.9892618500647083,0.8086837675461471,0.23262219262366285,0.05233884521117037,0.19938020867422643,0.8006197913257735,0.7857142857142857,0.7634920634920634
Q2_K_XL,1,8+9+10+11+12+13+14+15,16+17+18+19+20+21+22+23+24+25+26+27+28+29+30+31,16,1008,504,1.0,identity,1.0232442130658181,0.9772838069651286,0.20634276744802207,0.047889709001671533,0.20094857405735048,0.7990514259426496,0.7797619047619048,0.7617063492063492
Q2_K_XL,1,8+9+10+11+12+13+14+15,16+17+18+19+20+21+22+23+24+25+26+27+28+29+30+31,16,1008,504,1.0,target-temperature,1.0232442130658181,0.9772838069651286,0.203672325830699,0.04662561765118586,0.19647335271720873,0.8035266472827913,0.7797619047619048,0.7617063492063492
Q2_K_XL,1,8+9+10+11+12+13+14+15,16+17+18+19+20+21+22+23+24+25+26+27+28+29+30+31,16,1008,504,1.0,target-temperature+entropy-token,1.0232442130658181,0.9772838069651286,0.20198208451862834,0.046537351098966014,0.1973807821345078,0.8026192178654922,0.7876984126984127,0.7619047619047619
Q2_K_XL,1,8+9+10+11+12+13+14+15,16+17+18+19+20+21+22+23+24+25+26+27+28+29+30+31,16,1008,504,1.0,target-temperature+token,1.0232442130658181,0.9772838069651286,0.20036969781101524,0.046083687441216804,0.19614566958111865,0.8038543304188813,0.7837301587301587,0.7623015873015873
Q2_K_XL,1,8+9+10+11+12+13+14+15,16+17+18+19+20+21+22+23+24+25+26+27+28+29+30+31+0+1+2+3+4+5+6+7,24,1512,504,0.8,identity,0.9912731120976138,0.8070429735626901,0.23576642971088874,0.052508054917490526,0.19817321114874897,0.801826788851251,0.7797619047619048,0.7617063492063492
Q2_K_XL,1,8+9+10+11+12+13+14+15,16+17+18+19+20+21+22+23+24+25+26+27+28+29+30+31+0+1+2+3+4+5+6+7,24,1512,504,0.8,target-temperature,0.9912731120976138,0.8070429735626901,0.23606488629679862,0.052857604289679935,0.19939145193698024,0.8006085480630197,0.7797619047619048,0.7617063492063492
Q2_K_XL,1,8+9+10+11+12+13+14+15,16+17+18+19+20+21+22+23+24+25+26+27+28+29+30+31+0+1+2+3+4+5+6+7,24,1512,504,0.8,target-temperature+entropy-token,0.9912731120976138,0.8070429735626901,0.234501924695656,0.05299366252199119,0.20096703090354975,0.7990329690964503,0.7936507936507936,0.7625000000000001
Q2_K_XL,1,8+9+10+11+12+13+14+15,16+17+18+19+20+21+22+23+24+25+26+27+28+29+30+31+0+1+2+3+4+5+6+7,24,1512,504,0.8,target-temperature+token,0.9912731120976138,0.8070429735626901,0.23344682922868604,0.05255259918707378,0.19990297112983824,0.8000970288701618,0.7817460317460317,0.7619047619047619
Q2_K_XL,1,8+9+10+11+12+13+14+15,16+17+18+19+20+21+22+23+24+25+26+27+28+29+30+31+0+1+2+3+4+5+6+7,24,1512,504,1.0,identity,1.0265776726468578,0.9741104123389595,0.20634276744802207,0.047889709001671533,0.20094857405735048,0.7990514259426496,0.7797619047619048,0.7617063492063492
Q2_K_XL,1,8+9+10+11+12+13+14+15,16+17+18+19+20+21+22+23+24+25+26+27+28+29+30+31+0+1+2+3+4+5+6+7,24,1512,504,1.0,target-temperature,1.0265776726468578,0.9741104123389595,0.20347736394432292,0.04648793118813967,0.19595791480667915,0.8040420851933209,0.7797619047619048,0.7617063492063492
Q2_K_XL,1,8+9+10+11+12+13+14+15,16+17+18+19+20+21+22+23+24+25+26+27+28+29+30+31+0+1+2+3+4+5+6+7,24,1512,504,1.0,target-temperature+entropy-token,1.0265776726468578,0.9741104123389595,0.20226340358015346,0.04660080647744551,0.1975812895642097,0.8024187104357903,0.7837301587301587,0.7601190476190477
Q2_K_XL,1,8+9+10+11+12+13+14+15,16+17+18+19+20+21+22+23+24+25+26+27+28+29+30+31+0+1+2+3+4+5+6+7,24,1512,504,1.0,target-temperature+token,1.0265776726468578,0.9741104123389595,0.20102841620417253,0.04622624170352332,0.1964958266235766,0.8035041733764234,0.7817460317460317,0.7593253968253968
Q2_K_XL,2,16+17+18+19+20+21+22+23,24,1,63,504,0.8,identity,0.9860846377168287,0.8112893857187682,0.24675168552837728,0.05437430034713486,0.2101419013411321,0.7898580986588679,0.7440476190476191,0.7757936507936508
Q2_K_XL,2,16+17+18+19+20+21+22+23,24,1,63,504,0.8,target-temperature,0.9860846377168287,0.8112893857187682,0.24687465390531674,0.05489214574227603,0.21204128141856754,0.7879587185814325,0.7440476190476191,0.7757936507936508
Q2_K_XL,2,16+17+18+19+20+21+22+23,24,1,63,504,0.8,target-temperature+entropy-token,0.9860846377168287,0.8112893857187682,0.25170711440646226,0.056491524980200006,0.21691653697019045,0.7830834630298096,0.748015873015873,0.774404761904762
Q2_K_XL,2,16+17+18+19+20+21+22+23,24,1,63,504,0.8,target-temperature+token,0.9860846377168287,0.8112893857187682,0.25969880196339906,0.05850947069559777,0.2225717447806043,0.7774282552193957,0.7579365079365079,0.7738095238095238
Q2_K_XL,2,16+17+18+19+20+21+22+23,24,1,63,504,1.0,identity,1.0231886974148368,0.9773368319319548,0.2070427914678721,0.047752976725540804,0.20660909377193815,0.7933909062280619,0.7440476190476191,0.7757936507936508
Q2_K_XL,2,16+17+18+19+20+21+22+23,24,1,63,504,1.0,target-temperature,1.0231886974148368,0.9773368319319548,0.20527270419838065,0.04671155974839592,0.20263722051314534,0.7973627794868546,0.7440476190476191,0.7757936507936508
Q2_K_XL,2,16+17+18+19+20+21+22+23,24,1,63,504,1.0,target-temperature+entropy-token,1.0231886974148368,0.9773368319319548,0.20913482734764935,0.04802801164404382,0.20799637062436743,0.7920036293756325,0.748015873015873,0.7777777777777778
Q2_K_XL,2,16+17+18+19+20+21+22+23,24,1,63,504,1.0,target-temperature+token,1.0231886974148368,0.9773368319319548,0.21428615506511772,0.04936066935784578,0.21199696974222856,0.7880030302577714,0.7599206349206349,0.7748015873015873
Q2_K_XL,2,16+17+18+19+20+21+22+23,24+25,2,126,504,0.8,identity,0.996202491112722,0.8030495879471543,0.24675168552837728,0.05437430034713486,0.2101419013411321,0.7898580986588679,0.7440476190476191,0.7757936507936508
Q2_K_XL,2,16+17+18+19+20+21+22+23,24+25,2,126,504,0.8,target-temperature,0.996202491112722,0.8030495879471543,0.24672429151560607,0.054501666868347114,0.21062684268527876,0.7893731573147212,0.7440476190476191,0.7757936507936508
Q2_K_XL,2,16+17+18+19+20+21+22+23,24+25,2,126,504,0.8,target-temperature+entropy-token,0.996202491112722,0.8030495879471543,0.2559650680341256,0.05708678970435834,0.21818319838841546,0.7818168016115845,0.746031746031746,0.7712301587301587
Q2_K_XL,2,16+17+18+19+20+21+22+23,24+25,2,126,504,0.8,target-temperature+token,0.996202491112722,0.8030495879471543,0.25760792428725415,0.05740307509034847,0.21847331354521726,0.7815266864547827,0.748015873015873,0.7712301587301588
Q2_K_XL,2,16+17+18+19+20+21+22+23,24+25,2,126,504,1.0,identity,1.0356645190081915,0.9655636373037615,0.2070427914678721,0.047752976725540804,0.20660909377193815,0.7933909062280619,0.7440476190476191,0.7757936507936508
Q2_K_XL,2,16+17+18+19+20+21+22+23,24+25,2,126,504,1.0,target-temperature,1.0356645190081915,0.9655636373037615,0.20534699559363026,0.04638578901626571,0.2012361263717009,0.7987638736282991,0.7440476190476191,0.7757936507936508
Q2_K_XL,2,16+17+18+19+20+21+22+23,24+25,2,126,504,1.0,target-temperature+entropy-token,1.0356645190081915,0.9655636373037615,0.208368771727836,0.047542000513310145,0.2054608593202757,0.7945391406797243,0.751984126984127,0.7746031746031745
Q2_K_XL,2,16+17+18+19+20+21+22+23,24+25,2,126,504,1.0,target-temperature+token,1.0356645190081915,0.9655636373037615,0.2122319391333977,0.04845596356895724,0.208367753384202,0.791632246615798,0.75,0.7700396825396826
Q2_K_XL,2,16+17+18+19+20+21+22+23,24+25+26+27,4,252,504,0.8,identity,0.9831624228642087,0.8137007491289092,0.24675168552837728,0.05437430034713486,0.2101419013411321,0.7898580986588679,0.7440476190476191,0.7757936507936508
Q2_K_XL,2,16+17+18+19+20+21+22+23,24+25+26+27,4,252,504,0.8,target-temperature,0.9831624228642087,0.8137007491289092,0.24697995951498256,0.055019183211721875,0.21248310268728102,0.787516897312719,0.7440476190476191,0.7757936507936508
Q2_K_XL,2,16+17+18+19+20+21+22+23,24+25+26+27,4,252,504,0.8,target-temperature+entropy-token,0.9831624228642087,0.8137007491289092,0.2525354265648138,0.05661777541269742,0.21765130272323374,0.7823486972767663,0.75,0.7710317460317461
Q2_K_XL,2,16+17+18+19+20+21+22+23,24+25+26+27,4,252,504,0.8,target-temperature+token,0.9831624228642087,0.8137007491289092,0.25225423936390035,0.05646792768736407,0.21683076008578192,0.783169239914218,0.7559523809523809,0.7724206349206351
Q2_K_XL,2,16+17+18+19+20+21+22+23,24+25+26+27,4,252,504,1.0,identity,1.0228893735522993,0.9776228259437197,0.2070427914678721,0.047752976725540804,0.20660909377193815,0.7933909062280619,0.7440476190476191,0.7757936507936508
Q2_K_XL,2,16+17+18+19+20+21+22+23,24+25+26+27,4,252,504,1.0,target-temperature,1.0228893735522993,0.9776228259437197,0.20527947467292953,0.046721300117610554,0.20267788433929604,0.797322115660704,0.7440476190476191,0.7757936507936508
Q2_K_XL,2,16+17+18+19+20+21+22+23,24+25+26+27,4,252,504,1.0,target-temperature+entropy-token,1.0228893735522993,0.9776228259437197,0.2079878894586554,0.04774575707394239,0.20714938153417148,0.7928506184658285,0.7599206349206349,0.7742063492063493
Q2_K_XL,2,16+17+18+19+20+21+22+23,24+25+26+27,4,252,504,1.0,target-temperature+token,1.0228893735522993,0.9776228259437197,0.20886649158144013,0.047924406427953384,0.20746617982868407,0.7925338201713159,0.7559523809523809,0.7716269841269842
Q2_K_XL,2,16+17+18+19+20+21+22+23,24+25+26+27+28+29+30+31,8,504,504,0.8,identity,0.9833885897291174,0.8135136083085597,0.24675168552837728,0.05437430034713486,0.2101419013411321,0.7898580986588679,0.7440476190476191,0.7757936507936508
Q2_K_XL,2,16+17+18+19+20+21+22+23,24+25+26+27+28+29+30+31,8,504,504,0.8,target-temperature,0.9833885897291174,0.8135136083085597,0.24697079494241359,0.05500911120375151,0.212448231073271,0.7875517689267291,0.7440476190476191,0.7757936507936508
Q2_K_XL,2,16+17+18+19+20+21+22+23,24+25+26+27+28+29+30+31,8,504,504,0.8,target-temperature+entropy-token,0.9833885897291174,0.8135136083085597,0.24957157523587942,0.05588621766669294,0.21519711769180128,0.7848028823081987,0.7420634920634921,0.7710317460317461
Q2_K_XL,2,16+17+18+19+20+21+22+23,24+25+26+27+28+29+30+31,8,504,504,0.8,target-temperature+token,0.9833885897291174,0.8135136083085597,0.2495616710828486,0.05566918565142058,0.2146019916486253,0.7853980083513747,0.7579365079365079,0.775595238095238
Q2_K_XL,2,16+17+18+19+20+21+22+23,24+25+26+27+28+29+30+31,8,504,504,1.0,identity,1.0188899124396023,0.9814603008539237,0.2070427914678721,0.047752976725540804,0.20660909377193815,0.7933909062280619,0.7440476190476191,0.7757936507936508
Q2_K_XL,2,16+17+18+19+20+21+22+23,24+25+26+27+28+29+30+31,8,504,504,1.0,target-temperature,1.0188899124396023,0.9814603008539237,0.20540936144637575,0.046860509810054886,0.20324181610946349,0.7967581838905365,0.7440476190476191,0.7757936507936508
Q2_K_XL,2,16+17+18+19+20+21+22+23,24+25+26+27+28+29+30+31,8,504,504,1.0,target-temperature+entropy-token,1.0188899124396023,0.9814603008539237,0.20649133055889657,0.04740747415869031,0.2057350225935056,0.7942649774064944,0.75,0.7734126984126984
Q2_K_XL,2,16+17+18+19+20+21+22+23,24+25+26+27+28+29+30+31,8,504,504,1.0,target-temperature+token,1.0188899124396023,0.9814603008539237,0.2068915340933595,0.04743818939642003,0.20593771332621852,0.7940622866737814,0.7599206349206349,0.7753968253968253
Q2_K_XL,2,16+17+18+19+20+21+22+23,24+25+26+27+28+29+30+31+0+1+2+3+4+5+6+7,16,1008,504,0.8,identity,0.9891251075978102,0.8087955647419369,0.24675168552837728,0.05437430034713486,0.2101419013411321,0.7898580986588679,0.7440476190476191,0.7757936507936508
Q2_K_XL,2,16+17+18+19+20+21+22+23,24+25+26+27+28+29+30+31+0+1+2+3+4+5+6+7,16,1008,504,0.8,target-temperature,0.9891251075978102,0.8087955647419369,0.24679477840582978,0.05476681145921093,0.2115952321059958,0.7884047678940043,0.7440476190476191,0.7757936507936508
Q2_K_XL,2,16+17+18+19+20+21+22+23,24+25+26+27+28+29+30+31+0+1+2+3+4+5+6+7,16,1008,504,0.8,target-temperature+entropy-token,0.9891251075978102,0.8087955647419369,0.25049844469537585,0.05565907800086377,0.2146213993509704,0.7853786006490295,0.7400793650793651,0.773015873015873
Q2_K_XL,2,16+17+18+19+20+21+22+23,24+25+26+27+28+29+30+31+0+1+2+3+4+5+6+7,16,1008,504,0.8,target-temperature+token,0.9891251075978102,0.8087955647419369,0.25002534682897976,0.055616615561509285,0.2147739132397686,0.7852260867602314,0.7420634920634921,0.7736111111111111
Q2_K_XL,2,16+17+18+19+20+21+22+23,24+25+26+27+28+29+30+31+0+1+2+3+4+5+6+7,16,1008,504,1.0,identity,1.0259061189024632,0.9747480608360363,0.2070427914678721,0.047752976725540804,0.20660909377193815,0.7933909062280619,0.7440476190476191,0.7757936507936508
Q2_K_XL,2,16+17+18+19+20+21+22+23,24+25+26+27+28+29+30+31+0+1+2+3+4+5+6+7,16,1008,504,1.0,target-temperature,1.0259061189024632,0.9747480608360363,0.2052299367208304,0.04662733850909356,0.2022845995445442,0.7977154004554559,0.7440476190476191,0.7757936507936508
Q2_K_XL,2,16+17+18+19+20+21+22+23,24+25+26+27+28+29+30+31+0+1+2+3+4+5+6+7,16,1008,504,1.0,target-temperature+entropy-token,1.0259061189024632,0.9747480608360363,0.2069972707119762,0.04739315166377476,0.20560652863778592,0.794393471362214,0.75,0.7732142857142859
Q2_K_XL,2,16+17+18+19+20+21+22+23,24+25+26+27+28+29+30+31+0+1+2+3+4+5+6+7,16,1008,504,1.0,target-temperature+token,1.0259061189024632,0.9747480608360363,0.2075097754129404,0.04745903302546861,0.20591087659551474,0.7940891234044852,0.751984126984127,0.775
Q2_K_XL,2,16+17+18+19+20+21+22+23,24+25+26+27+28+29+30+31+0+1+2+3+4+5+6+7+8+9+10+11+12+13+14+15,24,1512,504,0.8,identity,0.9947640992731758,0.8042107677433473,0.24675168552837728,0.05437430034713486,0.2101419013411321,0.7898580986588679,0.7440476190476191,0.7757936507936508
Q2_K_XL,2,16+17+18+19+20+21+22+23,24+25+26+27+28+29+30+31+0+1+2+3+4+5+6+7+8+9+10+11+12+13+14+15,24,1512,504,0.8,target-temperature,0.9947640992731758,0.8042107677433473,0.24672569161235075,0.05455260572332242,0.21081851248475195,0.7891814875152481,0.7440476190476191,0.7757936507936508
Q2_K_XL,2,16+17+18+19+20+21+22+23,24+25+26+27+28+29+30+31+0+1+2+3+4+5+6+7+8+9+10+11+12+13+14+15,24,1512,504,0.8,target-temperature+entropy-token,0.9947640992731758,0.8042107677433473,0.25054984102636146,0.0555116371728762,0.214199584591211,0.785800415408789,0.7400793650793651,0.773611111111111
Q2_K_XL,2,16+17+18+19+20+21+22+23,24+25+26+27+28+29+30+31+0+1+2+3+4+5+6+7+8+9+10+11+12+13+14+15,24,1512,504,0.8,target-temperature+token,0.9947640992731758,0.8042107677433473,0.2497980147056101,0.05535596444294544,0.2139694778787103,0.7860305221212898,0.75,0.773611111111111
Q2_K_XL,2,16+17+18+19+20+21+22+23,24+25+26+27+28+29+30+31+0+1+2+3+4+5+6+7+8+9+10+11+12+13+14+15,24,1512,504,1.0,identity,1.0300604499460158,0.9708168098798559,0.2070427914678721,0.047752976725540804,0.20660909377193815,0.7933909062280619,0.7440476190476191,0.7757936507936508
Q2_K_XL,2,16+17+18+19+20+21+22+23,24+25+26+27+28+29+30+31+0+1+2+3+4+5+6+7+8+9+10+11+12+13+14+15,24,1512,504,1.0,target-temperature,1.0300604499460158,0.9708168098798559,0.20522857995384253,0.046512975034573405,0.20180941605410643,0.7981905839458936,0.7440476190476191,0.7757936507936508
Q2_K_XL,2,16+17+18+19+20+21+22+23,24+25+26+27+28+29+30+31+0+1+2+3+4+5+6+7+8+9+10+11+12+13+14+15,24,1512,504,1.0,target-temperature+entropy-token,1.0300604499460158,0.9708168098798559,0.20747081452897137,0.04738277969128888,0.20560518470065,0.79439481529935,0.75,0.774404761904762
Q2_K_XL,2,16+17+18+19+20+21+22+23,24+25+26+27+28+29+30+31+0+1+2+3+4+5+6+7+8+9+10+11+12+13+14+15,24,1512,504,1.0,target-temperature+token,1.0300604499460158,0.9708168098798559,0.20739475021786175,0.04731271160699721,0.20528133747445412,0.7947186625255459,0.7579365079365079,0.7753968253968254
Q2_K_XL,3,24+25+26+27+28+29+30+31,0,1,63,504,0.8,identity,0.9877653117091779,0.8099089839627204,0.2789505820069226,0.061106256158934585,0.23082525434132087,0.7691747456586792,0.7777777777777778,0.7494047619047619
Q2_K_XL,3,24+25+26+27+28+29+30+31,0,1,63,504,0.8,target-temperature,0.9877653117091779,0.8099089839627204,0.2785164006703246,0.0614952148685992,0.23242563488928508,0.767574365110715,0.7777777777777778,0.7494047619047619
Q2_K_XL,3,24+25+26+27+28+29+30+31,0,1,63,504,0.8,target-temperature+entropy-token,0.9877653117091779,0.8099089839627204,0.2968752985090474,0.06600711445652575,0.2443598433143171,0.755640156685683,0.7817460317460317,0.7442460317460318
Q2_K_XL,3,24+25+26+27+28+29+30+31,0,1,63,504,0.8,target-temperature+token,0.9877653117091779,0.8099089839627204,0.3162984829383143,0.07061811397153553,0.2555467150302883,0.7444532849697116,0.7638888888888888,0.7378968253968253
Q2_K_XL,3,24+25+26+27+28+29+30+31,0,1,63,504,1.0,identity,1.0466515341781042,0.9554278261152717,0.2323395748395948,0.05328984936171302,0.2257302254253614,0.7742697745746386,0.7777777777777778,0.7494047619047619
Q2_K_XL,3,24+25+26+27+28+29+30+31,0,1,63,504,1.0,target-temperature,1.0466515341781042,0.9554278261152717,0.23323247261612864,0.05207117130009198,0.2198066430492829,0.7801933569507171,0.7777777777777778,0.7494047619047619
Q2_K_XL,3,24+25+26+27+28+29+30+31,0,1,63,504,1.0,target-temperature+entropy-token,1.0466515341781042,0.9554278261152717,0.24285219108594266,0.05469809471131316,0.2278295294799035,0.7721704705200965,0.7837301587301587,0.7470238095238095
Q2_K_XL,3,24+25+26+27+28+29+30+31,0,1,63,504,1.0,target-temperature+token,1.0466515341781042,0.9554278261152717,0.2523197786529289,0.05711896580096652,0.23545188743554762,0.7645481125644524,0.7837301587301587,0.743452380952381
Q2_K_XL,3,24+25+26+27+28+29+30+31,0+1,2,126,504,0.8,identity,1.0013935033856636,0.7988867486110488,0.2789505820069226,0.061106256158934585,0.23082525434132087,0.7691747456586792,0.7777777777777778,0.7494047619047619
Q2_K_XL,3,24+25+26+27+28+29+30+31,0+1,2,126,504,0.8,target-temperature,1.0013935033856636,0.7988867486110488,0.27903172024987666,0.06106898512390065,0.230659769135169,0.7693402308648309,0.7777777777777778,0.7494047619047619
Q2_K_XL,3,24+25+26+27+28+29+30+31,0+1,2,126,504,0.8,target-temperature+entropy-token,1.0013935033856636,0.7988867486110488,0.29276579524012697,0.06467852653068856,0.24066326487660725,0.7593367351233927,0.7797619047619048,0.7452380952380953
Q2_K_XL,3,24+25+26+27+28+29+30+31,0+1,2,126,504,0.8,target-temperature+token,1.0013935033856636,0.7988867486110488,0.2986904581484589,0.06616937319235307,0.24411226962660662,0.7558877303733934,0.7777777777777778,0.7436507936507937
Q2_K_XL,3,24+25+26+27+28+29+30+31,0+1,2,126,504,1.0,identity,1.0526809054641557,0.9499554849045854,0.2323395748395948,0.05328984936171302,0.2257302254253614,0.7742697745746386,0.7777777777777778,0.7494047619047619
Q2_K_XL,3,24+25+26+27+28+29+30+31,0+1,2,126,504,1.0,target-temperature,1.0526809054641557,0.9499554849045854,0.23408342461284015,0.05207501916193754,0.21949664522607135,0.7805033547739286,0.7777777777777778,0.7494047619047619
Q2_K_XL,3,24+25+26+27+28+29+30+31,0+1,2,126,504,1.0,target-temperature+entropy-token,1.0526809054641557,0.9499554849045854,0.23950934164313656,0.053799208978550686,0.2253611595578915,0.7746388404421085,0.7757936507936508,0.7488095238095238
Q2_K_XL,3,24+25+26+27+28+29+30+31,0+1,2,126,504,1.0,target-temperature+token,1.0526809054641557,0.9499554849045854,0.24103121936749386,0.05445194924419007,0.22763821385921354,0.7723617861407864,0.7837301587301587,0.7490079365079365
Q2_K_XL,3,24+25+26+27+28+29+30+31,0+1+2+3,4,252,504,0.8,identity,1.0004521755405384,0.7996384230638158,0.2789505820069226,0.061106256158934585,0.23082525434132087,0.7691747456586792,0.7777777777777778,0.7494047619047619
Q2_K_XL,3,24+25+26+27+28+29+30+31,0+1+2+3,4,252,504,0.8,target-temperature,1.0004521755405384,0.7996384230638158,0.2789761871696797,0.061094005391439506,0.23077126355280872,0.7692287364471913,0.7777777777777778,0.7494047619047619
Q2_K_XL,3,24+25+26+27+28+29+30+31,0+1+2+3,4,252,504,0.8,target-temperature+entropy-token,1.0004521755405384,0.7996384230638158,0.2901517903203593,0.06419140699897433,0.23945900412791665,0.7605409958720833,0.7757936507936508,0.7450396825396826
Q2_K_XL,3,24+25+26+27+28+29+30+31,0+1+2+3,4,252,504,0.8,target-temperature+token,1.0004521755405384,0.7996384230638158,0.29284141246548623,0.06460617417824602,0.23932970387992164,0.7606702961200784,0.7857142857142857,0.7462301587301587
Q2_K_XL,3,24+25+26+27+28+29+30+31,0+1+2+3,4,252,504,1.0,identity,1.0455065206024774,0.9564741876729242,0.2323395748395948,0.05328984936171302,0.2257302254253614,0.7742697745746386,0.7777777777777778,0.7494047619047619
Q2_K_XL,3,24+25+26+27+28+29+30+31,0+1+2+3,4,252,504,1.0,target-temperature,1.0455065206024774,0.9564741876729242,0.2330888440501584,0.05207427951416227,0.21987663903554575,0.7801233609644542,0.7777777777777778,0.7494047619047619
Q2_K_XL,3,24+25+26+27+28+29+30+31,0+1+2+3,4,252,504,1.0,target-temperature+entropy-token,1.0455065206024774,0.9564741876729242,0.23765782688932963,0.05372481211186946,0.2254956201185638,0.7745043798814362,0.7757936507936508,0.7484126984126985
Q2_K_XL,3,24+25+26+27+28+29+30+31,0+1+2+3,4,252,504,1.0,target-temperature+token,1.0455065206024774,0.9564741876729242,0.23828416779034586,0.053872886033671435,0.2255853206161047,0.7744146793838953,0.7857142857142857,0.7478174603174603
Q2_K_XL,3,24+25+26+27+28+29+30+31,0+1+2+3+4+5+6+7,8,504,504,0.8,identity,0.9956996038634298,0.8034551755327685,0.2789505820069226,0.061106256158934585,0.23082525434132087,0.7691747456586792,0.7777777777777778,0.7494047619047619
Q2_K_XL,3,24+25+26+27+28+29+30+31,0+1+2+3+4+5+6+7,8,504,504,0.8,target-temperature,0.9956996038634298,0.8034551755327685,0.2787407038370399,0.06123020719814918,0.23135879745527674,0.7686412025447232,0.7777777777777778,0.7494047619047619
Q2_K_XL,3,24+25+26+27+28+29+30+31,0+1+2+3+4+5+6+7,8,504,504,0.8,target-temperature+entropy-token,0.9956996038634298,0.8034551755327685,0.2897907779792382,0.06427940537473116,0.23975989234022274,0.7602401076597772,0.7797619047619048,0.7464285714285716
Q2_K_XL,3,24+25+26+27+28+29+30+31,0+1+2+3+4+5+6+7,8,504,504,0.8,target-temperature+token,0.9956996038634298,0.8034551755327685,0.29038178664579267,0.06415969342728545,0.23904674338178117,0.7609532566182189,0.7857142857142857,0.7503968253968255
Q2_K_XL,3,24+25+26+27+28+29+30+31,0+1+2+3+4+5+6+7,8,504,504,1.0,identity,1.0339366191669295,0.9671772732120919,0.2323395748395948,0.05328984936171302,0.2257302254253614,0.7742697745746386,0.7777777777777778,0.7494047619047619
Q2_K_XL,3,24+25+26+27+28+29+30+31,0+1+2+3+4+5+6+7,8,504,504,1.0,target-temperature,1.0339366191669295,0.9671772732120919,0.23196604270855287,0.05217640355798151,0.2207987986110975,0.7792012013889025,0.7777777777777778,0.7494047619047619
Q2_K_XL,3,24+25+26+27+28+29+30+31,0+1+2+3+4+5+6+7,8,504,504,1.0,target-temperature+entropy-token,1.0339366191669295,0.9671772732120919,0.23699222852573013,0.05391363283535344,0.2266088668087803,0.7733911331912197,0.7797619047619048,0.749404761904762
Q2_K_XL,3,24+25+26+27+28+29+30+31,0+1+2+3+4+5+6+7,8,504,504,1.0,target-temperature+token,1.0339366191669295,0.9671772732120919,0.2379101977939215,0.054037998164318875,0.22699345977437746,0.7730065402256225,0.7876984126984127,0.7521825396825397
Q2_K_XL,3,24+25+26+27+28+29+30+31,0+1+2+3+4+5+6+7+8+9+10+11+12+13+14+15,16,1008,504,0.8,identity,1.0016341122906562,0.798694842940667,0.2789505820069226,0.061106256158934585,0.23082525434132087,0.7691747456586792,0.7777777777777778,0.7494047619047619
Q2_K_XL,3,24+25+26+27+28+29+30+31,0+1+2+3+4+5+6+7+8+9+10+11+12+13+14+15,16,1008,504,0.8,target-temperature,1.0016341122906562,0.798694842940667,0.2790463479431407,0.06106268675113738,0.23063142078890161,0.7693685792110984,0.7777777777777778,0.7494047619047619
Q2_K_XL,3,24+25+26+27+28+29+30+31,0+1+2+3+4+5+6+7+8+9+10+11+12+13+14+15,16,1008,504,0.8,target-temperature+entropy-token,1.0016341122906562,0.798694842940667,0.2854279014769149,0.06308630140436697,0.23643945093775953,0.7635605490622405,0.7916666666666666,0.7482142857142857
Q2_K_XL,3,24+25+26+27+28+29+30+31,0+1+2+3+4+5+6+7+8+9+10+11+12+13+14+15,16,1008,504,0.8,target-temperature+token,1.0016341122906562,0.798694842940667,0.2853744718770395,0.06292886959370109,0.23570952696587077,0.7642904730341292,0.7916666666666666,0.7496031746031746
Q2_K_XL,3,24+25+26+27+28+29+30+31,0+1+2+3+4+5+6+7+8+9+10+11+12+13+14+15,16,1008,504,1.0,identity,1.0366527172657358,0.9646432053326299,0.2323395748395948,0.05328984936171302,0.2257302254253614,0.7742697745746386,0.7777777777777778,0.7494047619047619
Q2_K_XL,3,24+25+26+27+28+29+30+31,0+1+2+3+4+5+6+7+8+9+10+11+12+13+14+15,16,1008,504,1.0,target-temperature,1.0366527172657358,0.9646432053326299,0.2321751454385935,0.05214060970674187,0.22055160555600384,0.7794483944439962,0.7777777777777778,0.7494047619047619
Q2_K_XL,3,24+25+26+27+28+29+30+31,0+1+2+3+4+5+6+7+8+9+10+11+12+13+14+15,16,1008,504,1.0,target-temperature+entropy-token,1.0366527172657358,0.9646432053326299,0.23478568686352938,0.053340240182666414,0.22496083899660868,0.7750391610033913,0.7936507936507936,0.7511904761904762
Q2_K_XL,3,24+25+26+27+28+29+30+31,0+1+2+3+4+5+6+7+8+9+10+11+12+13+14+15,16,1008,504,1.0,target-temperature+token,1.0366527172657358,0.9646432053326299,0.23500088631028612,0.053339567800769205,0.2247582213605335,0.7752417786394665,0.7876984126984127,0.7505952380952381
Q2_K_XL,3,24+25+26+27+28+29+30+31,0+1+2+3+4+5+6+7+8+9+10+11+12+13+14+15+16+17+18+19+20+21+22+23,24,1512,504,0.8,identity,0.9994945033563691,0.8004046018397768,0.2789505820069226,0.061106256158934585,0.23082525434132087,0.7691747456586792,0.7777777777777778,0.7494047619047619
Q2_K_XL,3,24+25+26+27+28+29+30+31,0+1+2+3+4+5+6+7+8+9+10+11+12+13+14+15+16+17+18+19+20+21+22+23,24,1512,504,0.8,target-temperature,0.9994945033563691,0.8004046018397768,0.2789227742793956,0.06112012288715487,0.2308858871585204,0.7691141128414796,0.7777777777777778,0.7494047619047619
Q2_K_XL,3,24+25+26+27+28+29+30+31,0+1+2+3+4+5+6+7+8+9+10+11+12+13+14+15+16+17+18+19+20+21+22+23,24,1512,504,0.8,target-temperature+entropy-token,0.9994945033563691,0.8004046018397768,0.28202186938909246,0.06235127982828403,0.2342619745413451,0.7657380254586549,0.7837301587301587,0.7509920634920635
Q2_K_XL,3,24+25+26+27+28+29+30+31,0+1+2+3+4+5+6+7+8+9+10+11+12+13+14+15+16+17+18+19+20+21+22+23,24,1512,504,0.8,target-temperature+token,0.9994945033563691,0.8004046018397768,0.2824198244344253,0.06229809939181887,0.23408297069578574,0.7659170293042142,0.7916666666666666,0.7517857142857143
Q2_K_XL,3,24+25+26+27+28+29+30+31,0+1+2+3+4+5+6+7+8+9+10+11+12+13+14+15+16+17+18+19+20+21+22+23,24,1512,504,1.0,identity,1.0335603394689423,0.9675293853804549,0.2323395748395948,0.05328984936171302,0.2257302254253614,0.7742697745746386,0.7777777777777778,0.7494047619047619
Q2_K_XL,3,24+25+26+27+28+29+30+31,0+1+2+3+4+5+6+7+8+9+10+11+12+13+14+15+16+17+18+19+20+21+22+23,24,1512,504,1.0,target-temperature,1.0335603394689423,0.9675293853804549,0.23193979795627137,0.05218194421049955,0.22083578016535615,0.7791642198346438,0.7777777777777778,0.7494047619047619
Q2_K_XL,3,24+25+26+27+28+29+30+31,0+1+2+3+4+5+6+7+8+9+10+11+12+13+14+15+16+17+18+19+20+21+22+23,24,1512,504,1.0,target-temperature+entropy-token,1.0335603394689423,0.9675293853804549,0.23263562285081293,0.0528949628319442,0.2237764185363284,0.7762235814636715,0.7837301587301587,0.7509920634920635
Q2_K_XL,3,24+25+26+27+28+29+30+31,0+1+2+3+4+5+6+7+8+9+10+11+12+13+14+15+16+17+18+19+20+21+22+23,24,1512,504,1.0,target-temperature+token,1.0335603394689423,0.9675293853804549,0.233210273323681,0.05296137242141542,0.2238138881324024,0.7761861118675976,0.7896825396825397,0.7529761904761905
Q4_K_XL,0,0+1+2+3+4+5+6+7,8,1,63,504,0.8,identity,0.9935078801860132,0.8052276342792742,0.02108195272793572,0.005208810777151684,0.06033391866980813,0.9396660813301919,0.9246031746031746,0.91984126984127
Q4_K_XL,0,0+1+2+3+4+5+6+7,8,1,63,504,0.8,target-temperature,0.9935078801860132,0.8052276342792742,0.02112227706083551,0.0052396808567882055,0.060652463128611264,0.9393475368713887,0.9246031746031746,0.91984126984127
Q4_K_XL,0,0+1+2+3+4+5+6+7,8,1,63,504,0.8,target-temperature+entropy-token,0.9935078801860132,0.8052276342792742,0.020782430251171848,0.005156775137043442,0.06023055756545663,0.9397694424345434,0.9325396825396826,0.9216269841269844
Q4_K_XL,0,0+1+2+3+4+5+6+7,8,1,63,504,0.8,target-temperature+token,0.9935078801860132,0.8052276342792742,0.02089895175188522,0.005182506751561545,0.06058960027275358,0.9394103997272464,0.9325396825396826,0.9212301587301589
Q4_K_XL,0,0+1+2+3+4+5+6+7,8,1,63,504,1.0,identity,0.9958065501318067,1.0042111089424328,0.01832806709738374,0.004545805706801583,0.05978520771318544,0.9402147922868146,0.9246031746031746,0.91984126984127
Q4_K_XL,0,0+1+2+3+4+5+6+7,8,1,63,504,1.0,target-temperature,0.9958065501318067,1.0042111089424328,0.018413472606378867,0.004579733848049141,0.06011499907754836,0.9398850009224516,0.9246031746031746,0.91984126984127
Q4_K_XL,0,0+1+2+3+4+5+6+7,8,1,63,504,1.0,target-temperature+entropy-token,0.9958065501318067,1.0042111089424328,0.018174104663595852,0.004522230335369151,0.059800213605487644,0.9401997863945124,0.9325396825396826,0.9210317460317461
Q4_K_XL,0,0+1+2+3+4+5+6+7,8,1,63,504,1.0,target-temperature+token,0.9958065501318067,1.0042111089424328,0.018238126242744374,0.004534537603507351,0.05999618283389975,0.9400038171661003,0.9325396825396826,0.9212301587301589
Q4_K_XL,0,0+1+2+3+4+5+6+7,8+9,2,126,504,0.8,identity,0.998450078765496,0.8012418617755395,0.02108195272793572,0.005208810777151684,0.06033391866980813,0.9396660813301919,0.9246031746031746,0.91984126984127
Q4_K_XL,0,0+1+2+3+4+5+6+7,8+9,2,126,504,0.8,target-temperature,0.998450078765496,0.8012418617755395,0.02108201949301525,0.00521380154141462,0.0603882216030938,0.9396117783969062,0.9246031746031746,0.91984126984127
Q4_K_XL,0,0+1+2+3+4+5+6+7,8+9,2,126,504,0.8,target-temperature+entropy-token,0.998450078765496,0.8012418617755395,0.02062883085809815,0.005102144018332649,0.0595276009826446,0.9404723990173554,0.9285714285714286,0.9216269841269843
Q4_K_XL,0,0+1+2+3+4+5+6+7,8+9,2,126,504,0.8,target-temperature+token,0.998450078765496,0.8012418617755395,0.0206882721337212,0.005115406778760188,0.059737430703573555,0.9402625692964265,0.9325396825396826,0.9226190476190478
Q4_K_XL,0,0+1+2+3+4+5+6+7,8+9,2,126,504,1.0,identity,1.0017008070299298,0.9983020808029768,0.01832806709738374,0.004545805706801583,0.05978520771318544,0.9402147922868146,0.9246031746031746,0.91984126984127
Q4_K_XL,0,0+1+2+3+4+5+6+7,8+9,2,126,504,1.0,target-temperature,1.0017008070299298,0.9983020808029768,0.018314168113943558,0.004537218425597185,0.05968857708303259,0.9403114229169675,0.9246031746031746,0.91984126984127
Q4_K_XL,0,0+1+2+3+4+5+6+7,8+9,2,126,504,1.0,target-temperature+entropy-token,1.0017008070299298,0.9983020808029768,0.017956338543744066,0.004449642883217721,0.058944322326227386,0.9410556776737726,0.9285714285714286,0.9214285714285716
Q4_K_XL,0,0+1+2+3+4+5+6+7,8+9,2,126,504,1.0,target-temperature+token,1.0017008070299298,0.9983020808029768,0.01800981105358395,0.004461319385161541,0.059029983248689986,0.94097001675131,0.9305555555555556,0.9222222222222224
Q4_K_XL,0,0+1+2+3+4+5+6+7,8+9+10+11,4,252,504,0.8,identity,0.9989303626276652,0.8008566261772412,0.02108195272793572,0.005208810777151684,0.06033391866980813,0.9396660813301919,0.9246031746031746,0.91984126984127
Q4_K_XL,0,0+1+2+3+4+5+6+7,8+9+10+11,4,252,504,0.8,target-temperature,0.9989303626276652,0.8008566261772412,0.02108136577132088,0.00521209618895973,0.06037049296365344,0.9396295070363465,0.9246031746031746,0.91984126984127
Q4_K_XL,0,0+1+2+3+4+5+6+7,8+9+10+11,4,252,504,0.8,target-temperature+entropy-token,0.9989303626276652,0.8008566261772412,0.020479683789130402,0.005063774826899756,0.0593183021353631,0.9406816978646368,0.9325396825396826,0.9220238095238096
Q4_K_XL,0,0+1+2+3+4+5+6+7,8+9+10+11,4,252,504,0.8,target-temperature+token,0.9989303626276652,0.8008566261772412,0.020585999645810205,0.005088277020432793,0.05943698303673724,0.9405630169632627,0.9345238095238095,0.9212301587301589
Q4_K_XL,0,0+1+2+3+4+5+6+7,8+9+10+11,4,252,504,1.0,identity,1.001258613561241,0.998742968555582,0.01832806709738374,0.004545805706801583,0.05978520771318544,0.9402147922868146,0.9246031746031746,0.91984126984127
Q4_K_XL,0,0+1+2+3+4+5+6+7,8+9+10+11,4,252,504,1.0,target-temperature,1.001258613561241,0.998742968555582,0.018316646153784352,0.00453916790783141,0.05971154216479316,0.9402884578352069,0.9246031746031746,0.91984126984127
Q4_K_XL,0,0+1+2+3+4+5+6+7,8+9+10+11,4,252,504,1.0,target-temperature+entropy-token,1.001258613561241,0.998742968555582,0.017861798427487783,0.0044273825636730905,0.05874901656965276,0.9412509834303473,0.9345238095238095,0.9208333333333335
Q4_K_XL,0,0+1+2+3+4+5+6+7,8+9+10+11,4,252,504,1.0,target-temperature+token,1.001258613561241,0.998742968555582,0.01790091874044633,0.004436222032777794,0.058750832667325115,0.9412491673326748,0.9345238095238095,0.9212301587301589
Q4_K_XL,0,0+1+2+3+4+5+6+7,8+9+10+11+12+13+14+15,8,504,504,0.8,identity,0.9973018199399954,0.802164383945608,0.02108195272793572,0.005208810777151684,0.06033391866980813,0.9396660813301919,0.9246031746031746,0.91984126984127
Q4_K_XL,0,0+1+2+3+4+5+6+7,8+9+10+11+12+13+14+15,8,504,504,0.8,target-temperature,0.9973018199399954,0.802164383945608,0.021085906260385708,0.00521845076127361,0.06043761603764179,0.9395623839623582,0.9246031746031746,0.91984126984127
Q4_K_XL,0,0+1+2+3+4+5+6+7,8+9+10+11+12+13+14+15,8,504,504,0.8,target-temperature+entropy-token,0.9973018199399954,0.802164383945608,0.02029619779175073,0.005024733018230459,0.059216823817449055,0.9407831761825509,0.9345238095238095,0.9222222222222224
Q4_K_XL,0,0+1+2+3+4+5+6+7,8+9+10+11+12+13+14+15,8,504,504,0.8,target-temperature+token,0.9973018199399954,0.802164383945608,0.020293211750036847,0.005022388943961011,0.05897670360840338,0.9410232963915967,0.9345238095238095,0.9224206349206351
Q4_K_XL,0,0+1+2+3+4+5+6+7,8+9+10+11+12+13+14+15,8,504,504,1.0,identity,0.9996563582446025,1.000343759885648,0.01832806709738374,0.004545805706801583,0.05978520771318544,0.9402147922868146,0.9246031746031746,0.91984126984127
Q4_K_XL,0,0+1+2+3+4+5+6+7,8+9+10+11+12+13+14+15,8,504,504,1.0,target-temperature,0.9996563582446025,1.000343759885648,0.018332326386497597,0.00454789866267631,0.05980790018999855,0.9401920998100014,0.9246031746031746,0.91984126984127
Q4_K_XL,0,0+1+2+3+4+5+6+7,8+9+10+11+12+13+14+15,8,504,504,1.0,target-temperature+entropy-token,0.9996563582446025,1.000343759885648,0.017731264870968114,0.004400973819607254,0.05864827351356398,0.9413517264864361,0.9325396825396826,0.9216269841269844
Q4_K_XL,0,0+1+2+3+4+5+6+7,8+9+10+11+12+13+14+15,8,504,504,1.0,target-temperature+token,0.9996563582446025,1.000343759885648,0.017716598162250886,0.004395841771766874,0.05840472034562106,0.941595279654379,0.9345238095238095,0.9220238095238096
Q4_K_XL,0,0+1+2+3+4+5+6+7,8+9+10+11+12+13+14+15+16+17+18+19+20+21+22+23,16,1008,504,0.8,identity,0.9937058759759851,0.8050671927588899,0.02108195272793572,0.005208810777151684,0.06033391866980813,0.9396660813301919,0.9246031746031746,0.91984126984127
Q4_K_XL,0,0+1+2+3+4+5+6+7,8+9+10+11+12+13+14+15+16+17+18+19+20+21+22+23,16,1008,504,0.8,target-temperature,0.9937058759759851,0.8050671927588899,0.02111948319689906,0.005238350480807228,0.060638977090852066,0.9393610229091479,0.9246031746031746,0.91984126984127
Q4_K_XL,0,0+1+2+3+4+5+6+7,8+9+10+11+12+13+14+15+16+17+18+19+20+21+22+23,16,1008,504,0.8,target-temperature+entropy-token,0.9937058759759851,0.8050671927588899,0.02027956944028736,0.005030148618985758,0.059403845983277886,0.9405961540167221,0.9345238095238095,0.9230158730158732
Q4_K_XL,0,0+1+2+3+4+5+6+7,8+9+10+11+12+13+14+15+16+17+18+19+20+21+22+23,16,1008,504,0.8,target-temperature+token,0.9937058759759851,0.8050671927588899,0.02026645446531698,0.0050244268873585966,0.059190424079143135,0.9408095759208569,0.9325396825396826,0.9230158730158731
Q4_K_XL,0,0+1+2+3+4+5+6+7,8+9+10+11+12+13+14+15+16+17+18+19+20+21+22+23,16,1008,504,1.0,identity,0.9982277215351177,1.0017754250123978,0.01832806709738374,0.004545805706801583,0.05978520771318544,0.9402147922868146,0.9246031746031746,0.91984126984127
Q4_K_XL,0,0+1+2+3+4+5+6+7,8+9+10+11+12+13+14+15+16+17+18+19+20+21+22+23,16,1008,504,1.0,target-temperature,0.9982277215351177,1.0017754250123978,0.018355248396296195,0.004557914534217389,0.05991223167163139,0.9400877683283686,0.9246031746031746,0.91984126984127
Q4_K_XL,0,0+1+2+3+4+5+6+7,8+9+10+11+12+13+14+15+16+17+18+19+20+21+22+23,16,1008,504,1.0,target-temperature+entropy-token,0.9982277215351177,1.0017754250123978,0.017647018067615743,0.004387027807969243,0.05861018183654706,0.9413898181634529,0.9345238095238095,0.9232142857142859
Q4_K_XL,0,0+1+2+3+4+5+6+7,8+9+10+11+12+13+14+15+16+17+18+19+20+21+22+23,16,1008,504,1.0,target-temperature+token,0.9982277215351177,1.0017754250123978,0.01765228072586719,0.004382905877386904,0.058409597821226934,0.9415904021787731,0.9325396825396826,0.9232142857142859
Q4_K_XL,0,0+1+2+3+4+5+6+7,8+9+10+11+12+13+14+15+16+17+18+19+20+21+22+23+24+25+26+27+28+29+30+31,24,1512,504,0.8,identity,0.99454163218381,0.8043906600906828,0.02108195272793572,0.005208810777151684,0.06033391866980813,0.9396660813301919,0.9246031746031746,0.91984126984127
Q4_K_XL,0,0+1+2+3+4+5+6+7,8+9+10+11+12+13+14+15+16+17+18+19+20+21+22+23+24+25+26+27+28+29+30+31,24,1512,504,0.8,target-temperature,0.99454163218381,0.8043906600906828,0.02110876703156057,0.005232998190069207,0.06058337742035837,0.9394166225796416,0.9246031746031746,0.91984126984127
Q4_K_XL,0,0+1+2+3+4+5+6+7,8+9+10+11+12+13+14+15+16+17+18+19+20+21+22+23+24+25+26+27+28+29+30+31,24,1512,504,0.8,target-temperature+entropy-token,0.99454163218381,0.8043906600906828,0.020194780929160397,0.005009039062057866,0.05902899038164517,0.9409710096183548,0.9325396825396826,0.9240079365079366
Q4_K_XL,0,0+1+2+3+4+5+6+7,8+9+10+11+12+13+14+15+16+17+18+19+20+21+22+23+24+25+26+27+28+29+30+31,24,1512,504,0.8,target-temperature+token,0.99454163218381,0.8043906600906828,0.02020293354710604,0.0050083854929377156,0.05905755139805377,0.9409424486019462,0.9325396825396826,0.9236111111111114
Q4_K_XL,0,0+1+2+3+4+5+6+7,8+9+10+11+12+13+14+15+16+17+18+19+20+21+22+23+24+25+26+27+28+29+30+31,24,1512,504,1.0,identity,0.9986455653778711,1.0013562716033455,0.01832806709738374,0.004545805706801583,0.05978520771318544,0.9402147922868146,0.9246031746031746,0.91984126984127
Q4_K_XL,0,0+1+2+3+4+5+6+7,8+9+10+11+12+13+14+15+16+17+18+19+20+21+22+23+24+25+26+27+28+29+30+31,24,1512,504,1.0,target-temperature,0.9986455653778711,1.0013562716033455,0.01834766722072345,0.004554769063603199,0.05988033760913534,0.9401196623908646,0.9246031746031746,0.91984126984127
Q4_K_XL,0,0+1+2+3+4+5+6+7,8+9+10+11+12+13+14+15+16+17+18+19+20+21+22+23+24+25+26+27+28+29+30+31,24,1512,504,1.0,target-temperature+entropy-token,0.9986455653778711,1.0013562716033455,0.017603861303514566,0.004375684176265861,0.058395927329254645,0.9416040726707453,0.9345238095238095,0.9248015873015873
Q4_K_XL,0,0+1+2+3+4+5+6+7,8+9+10+11+12+13+14+15+16+17+18+19+20+21+22+23+24+25+26+27+28+29+30+31,24,1512,504,1.0,target-temperature+token,0.9986455653778711,1.0013562716033455,0.017603792334142103,0.004370562761846621,0.058306750573051215,0.9416932494269488,0.9325396825396826,0.9232142857142859
Q4_K_XL,1,8+9+10+11+12+13+14+15,16,1,63,504,0.8,identity,0.99394333117709,0.8048748604737757,0.018053206424160233,0.0044733353653336715,0.053776867690667626,0.9462231323093324,0.9365079365079365,0.925793650793651
Q4_K_XL,1,8+9+10+11+12+13+14+15,16,1,63,504,0.8,target-temperature,0.99394333117709,0.8048748604737757,0.01805851936798407,0.004492628407110056,0.0540478819998169,0.9459521180001831,0.9365079365079365,0.925793650793651
Q4_K_XL,1,8+9+10+11+12+13+14+15,16,1,63,504,0.8,target-temperature+entropy-token,0.99394333117709,0.8048748604737757,0.018070955011928787,0.004495075571025769,0.054121667799989275,0.9458783322000107,0.9365079365079365,0.9259920634920635
Q4_K_XL,1,8+9+10+11+12+13+14+15,16,1,63,504,0.8,target-temperature+token,0.99394333117709,0.8048748604737757,0.01838911069325455,0.004571176450782811,0.055002856368287854,0.9449971436317122,0.9325396825396826,0.9253968253968256
Q4_K_XL,1,8+9+10+11+12+13+14+15,16,1,63,504,1.0,identity,1.0017169195194788,0.9982860232406752,0.015872244478710884,0.003936594957270952,0.053725482777247,0.946274517222753,0.9365079365079365,0.925793650793651
Q4_K_XL,1,8+9+10+11+12+13+14+15,16,1,63,504,1.0,target-temperature,1.0017169195194788,0.9982860232406752,0.01588032833481544,0.003933869144040004,0.05367208526826152,0.9463279147317385,0.9365079365079365,0.925793650793651
Q4_K_XL,1,8+9+10+11+12+13+14+15,16,1,63,504,1.0,target-temperature+entropy-token,1.0017169195194788,0.9982860232406752,0.015826408647240348,0.0039209427740899295,0.053704301374792186,0.9462956986252078,0.9345238095238095,0.9251984126984129
Q4_K_XL,1,8+9+10+11+12+13+14+15,16,1,63,504,1.0,target-temperature+token,1.0017169195194788,0.9982860232406752,0.016053536218555743,0.003977060216425873,0.05447412180463592,0.945525878195364,0.9365079365079365,0.9251984126984129
Q4_K_XL,1,8+9+10+11+12+13+14+15,16+17,2,126,504,0.8,identity,0.9937855391092583,0.8050026575321769,0.018053206424160233,0.0044733353653336715,0.053776867690667626,0.9462231323093324,0.9365079365079365,0.925793650793651
Q4_K_XL,1,8+9+10+11+12+13+14+15,16+17,2,126,504,0.8,target-temperature,0.9937855391092583,0.8050026575321769,0.018059795159372116,0.00449341124589232,0.05405695823366506,0.9459430417663349,0.9365079365079365,0.925793650793651
Q4_K_XL,1,8+9+10+11+12+13+14+15,16+17,2,126,504,0.8,target-temperature+entropy-token,0.9937855391092583,0.8050026575321769,0.017922947861891282,0.004458787637641569,0.05395185499607417,0.9460481450039259,0.9384920634920635,0.9255952380952382
Q4_K_XL,1,8+9+10+11+12+13+14+15,16+17,2,126,504,0.8,target-temperature+token,0.9937855391092583,0.8050026575321769,0.018054978336363284,0.004488240110364439,0.05438515843192027,0.9456148415680797,0.9345238095238095,0.9253968253968256
Q4_K_XL,1,8+9+10+11+12+13+14+15,16+17,2,126,504,1.0,identity,0.9997811178033466,1.0002189301165583,0.015872244478710884,0.003936594957270952,0.053725482777247,0.946274517222753,0.9365079365079365,0.925793650793651
Q4_K_XL,1,8+9+10+11+12+13+14+15,16+17,2,126,504,1.0,target-temperature,0.9997811178033466,1.0002189301165583,0.015872039426752176,0.00393714727309067,0.05373433456416853,0.9462656654358315,0.9365079365079365,0.925793650793651
Q4_K_XL,1,8+9+10+11+12+13+14+15,16+17,2,126,504,1.0,target-temperature+entropy-token,0.9997811178033466,1.0002189301165583,0.015706038759903083,0.003896849265809164,0.05346292515249237,0.9465370748475076,0.9384920634920635,0.9261904761904763
Q4_K_XL,1,8+9+10+11+12+13+14+15,16+17,2,126,504,1.0,target-temperature+token,0.9997811178033466,1.0002189301165583,0.015792733988309774,0.003917360885717456,0.05394499545742104,0.946055004542579,0.9345238095238095,0.925
Q4_K_XL,1,8+9+10+11+12+13+14+15,16+17+18+19,4,252,504,0.8,identity,0.9894193285132443,0.8085550554203584,0.018053206424160233,0.0044733353653336715,0.053776867690667626,0.9462231323093324,0.9365079365079365,0.925793650793651
Q4_K_XL,1,8+9+10+11+12+13+14+15,16+17+18+19,4,252,504,0.8,target-temperature,0.9894193285132443,0.8085550554203584,0.018118480891764707,0.004520938862883872,0.054359333957589254,0.9456406660424107,0.9365079365079365,0.925793650793651
Q4_K_XL,1,8+9+10+11+12+13+14+15,16+17+18+19,4,252,504,0.8,target-temperature+entropy-token,0.9894193285132443,0.8085550554203584,0.017743444458832226,0.00442400811428841,0.05381377515455966,0.9461862248454403,0.9345238095238095,0.9253968253968256
Q4_K_XL,1,8+9+10+11+12+13+14+15,16+17+18+19,4,252,504,0.8,target-temperature+token,0.9894193285132443,0.8085550554203584,0.01781936246869324,0.004439723897193498,0.0540531095447084,0.9459468904552916,0.9365079365079365,0.9251984126984129
Q4_K_XL,1,8+9+10+11+12+13+14+15,16+17+18+19,4,252,504,1.0,identity,0.9964035500343907,1.003609431103979,0.015872244478710884,0.003936594957270952,0.053725482777247,0.946274517222753,0.9365079365079365,0.925793650793651
Q4_K_XL,1,8+9+10+11+12+13+14+15,16+17+18+19,4,252,504,1.0,target-temperature,0.9964035500343907,1.003609431103979,0.015893042897009275,0.003951638637130451,0.05391541643512353,0.9460845835648765,0.9365079365079365,0.925793650793651
Q4_K_XL,1,8+9+10+11+12+13+14+15,16+17+18+19,4,252,504,1.0,target-temperature+entropy-token,0.9964035500343907,1.003609431103979,0.01554730256149801,0.00386453802056739,0.053353705251352614,0.9466462947486474,0.9345238095238095,0.9246031746031748
Q4_K_XL,1,8+9+10+11+12+13+14+15,16+17+18+19,4,252,504,1.0,target-temperature+token,0.9964035500343907,1.003609431103979,0.015566454338900781,0.0038677088560927953,0.05357805539407735,0.9464219446059227,0.9365079365079365,0.9248015873015875
Q4_K_XL,1,8+9+10+11+12+13+14+15,16+17+18+19+20+21+22+23,8,504,504,0.8,identity,0.99073768788701,0.807479123668138,0.018053206424160233,0.0044733353653336715,0.053776867690667626,0.9462231323093324,0.9365079365079365,0.925793650793651
Q4_K_XL,1,8+9+10+11+12+13+14+15,16+17+18+19+20+21+22+23,8,504,504,0.8,target-temperature,0.99073768788701,0.807479123668138,0.018095999549576473,0.004511436859548089,0.05426035740462299,0.945739642595377,0.9365079365079365,0.925793650793651
Q4_K_XL,1,8+9+10+11+12+13+14+15,16+17+18+19+20+21+22+23,8,504,504,0.8,target-temperature+entropy-token,0.99073768788701,0.807479123668138,0.017872517828750677,0.004455733610745748,0.05405305264317577,0.9459469473568243,0.9404761904761905,0.9255952380952382
Q4_K_XL,1,8+9+10+11+12+13+14+15,16+17+18+19+20+21+22+23,8,504,504,0.8,target-temperature+token,0.99073768788701,0.807479123668138,0.01790092045143273,0.00445790576635323,0.05406167686378194,0.9459383231362181,0.9384920634920635,0.9259920634920635
Q4_K_XL,1,8+9+10+11+12+13+14+15,16+17+18+19+20+21+22+23,8,504,504,1.0,identity,0.9969728481474512,1.0030363433248697,0.015872244478710884,0.003936594957270952,0.053725482777247,0.946274517222753,0.9365079365079365,0.925793650793651
Q4_K_XL,1,8+9+10+11+12+13+14+15,16+17+18+19+20+21+22+23,8,504,504,1.0,target-temperature,0.9969728481474512,1.0030363433248697,0.01588632208215324,0.003948402514903964,0.0538787632178864,0.9461212367821136,0.9365079365079365,0.925793650793651
Q4_K_XL,1,8+9+10+11+12+13+14+15,16+17+18+19+20+21+22+23,8,504,504,1.0,target-temperature+entropy-token,0.9969728481474512,1.0030363433248697,0.015601648481402023,0.003878229444515298,0.053562096859482586,0.9464379031405175,0.9384920634920635,0.9251984126984129
Q4_K_XL,1,8+9+10+11+12+13+14+15,16+17+18+19+20+21+22+23,8,504,504,1.0,target-temperature+token,0.9969728481474512,1.0030363433248697,0.01558688207762951,0.0038724616664629094,0.05358288161486389,0.9464171183851361,0.9384920634920635,0.9259920634920635
Q4_K_XL,1,8+9+10+11+12+13+14+15,16+17+18+19+20+21+22+23+24+25+26+27+28+29+30+31,16,1008,504,0.8,identity,0.9934314775422346,0.8052895625767897,0.018053206424160233,0.0044733353653336715,0.053776867690667626,0.9462231323093324,0.9365079365079365,0.925793650793651
Q4_K_XL,1,8+9+10+11+12+13+14+15,16+17+18+19+20+21+22+23+24+25+26+27+28+29+30+31,16,1008,504,0.8,target-temperature,0.9934314775422346,0.8052895625767897,0.018062876403706785,0.00449522607805159,0.0540777765155479,0.9459222234844521,0.9365079365079365,0.925793650793651
Q4_K_XL,1,8+9+10+11+12+13+14+15,16+17+18+19+20+21+22+23+24+25+26+27+28+29+30+31,16,1008,504,0.8,target-temperature+entropy-token,0.9934314775422346,0.8052895625767897,0.01792233949519726,0.004462613288245832,0.054048898802599124,0.9459511011974009,0.9365079365079365,0.9261904761904763
Q4_K_XL,1,8+9+10+11+12+13+14+15,16+17+18+19+20+21+22+23+24+25+26+27+28+29+30+31,16,1008,504,0.8,target-temperature+token,0.9934314775422346,0.8052895625767897,0.017971492606280816,0.004470727141089873,0.05410757978533832,0.9458924202146617,0.9345238095238095,0.9265873015873017
Q4_K_XL,1,8+9+10+11+12+13+14+15,16+17+18+19+20+21+22+23+24+25+26+27+28+29+30+31,16,1008,504,1.0,identity,0.9982125833129739,1.0017906172662079,0.015872244478710884,0.003936594957270952,0.053725482777247,0.946274517222753,0.9365079365079365,0.925793650793651
Q4_K_XL,1,8+9+10+11+12+13+14+15,16+17+18+19+20+21+22+23+24+25+26+27+28+29+30+31,16,1008,504,1.0,target-temperature,0.9982125833129739,1.0017906172662079,0.015876161223421795,0.003942478480045986,0.053807819601453435,0.9461921803985466,0.9365079365079365,0.925793650793651
Q4_K_XL,1,8+9+10+11+12+13+14+15,16+17+18+19+20+21+22+23+24+25+26+27+28+29+30+31,16,1008,504,1.0,target-temperature+entropy-token,0.9982125833129739,1.0017906172662079,0.015556641272168586,0.0038661603540867803,0.053464471415419025,0.946535528584581,0.9365079365079365,0.926984126984127
Q4_K_XL,1,8+9+10+11+12+13+14+15,16+17+18+19+20+21+22+23+24+25+26+27+28+29+30+31,16,1008,504,1.0,target-temperature+token,0.9982125833129739,1.0017906172662079,0.015624426870074908,0.0038803349986894302,0.05366686394054233,0.9463331360594577,0.9365079365079365,0.926984126984127
Q4_K_XL,1,8+9+10+11+12+13+14+15,16+17+18+19+20+21+22+23+24+25+26+27+28+29+30+31+0+1+2+3+4+5+6+7,24,1512,504,0.8,identity,0.995174679269618,0.8038789738773687,0.018053206424160233,0.0044733353653336715,0.053776867690667626,0.9462231323093324,0.9365079365079365,0.925793650793651
Q4_K_XL,1,8+9+10+11+12+13+14+15,16+17+18+19+20+21+22+23+24+25+26+27+28+29+30+31+0+1+2+3+4+5+6+7,24,1512,504,0.8,target-temperature,0.995174679269618,0.8038789738773687,0.018050549786209055,0.00448699854574253,0.05397976061900547,0.9460202393809946,0.9365079365079365,0.925793650793651
Q4_K_XL,1,8+9+10+11+12+13+14+15,16+17+18+19+20+21+22+23+24+25+26+27+28+29+30+31+0+1+2+3+4+5+6+7,24,1512,504,0.8,target-temperature+entropy-token,0.995174679269618,0.8038789738773687,0.017962350761863064,0.004463510719174565,0.05407958367174771,0.9459204163282523,0.9384920634920635,0.926388888888889
Q4_K_XL,1,8+9+10+11+12+13+14+15,16+17+18+19+20+21+22+23+24+25+26+27+28+29+30+31+0+1+2+3+4+5+6+7,24,1512,504,0.8,target-temperature+token,0.995174679269618,0.8038789738773687,0.017972285101758367,0.004463820621358365,0.054103648702709485,0.9458963512972905,0.9404761904761905,0.9261904761904763
Q4_K_XL,1,8+9+10+11+12+13+14+15,16+17+18+19+20+21+22+23+24+25+26+27+28+29+30+31+0+1+2+3+4+5+6+7,24,1512,504,1.0,identity,0.9996397744036903,1.0003603554055505,0.015872244478710884,0.003936594957270952,0.053725482777247,0.946274517222753,0.9365079365079365,0.925793650793651
Q4_K_XL,1,8+9+10+11+12+13+14+15,16+17+18+19+20+21+22+23+24+25+26+27+28+29+30+31+0+1+2+3+4+5+6+7,24,1512,504,1.0,target-temperature,0.9996397744036903,1.0003603554055505,0.015872011663313448,0.003937529369889174,0.05374016983518816,0.9462598301648119,0.9365079365079365,0.925793650793651
Q4_K_XL,1,8+9+10+11+12+13+14+15,16+17+18+19+20+21+22+23+24+25+26+27+28+29+30+31+0+1+2+3+4+5+6+7,24,1512,504,1.0,target-temperature+entropy-token,0.9996397744036903,1.0003603554055505,0.015588516343017642,0.0038681694320044833,0.05352564616665433,0.9464743538333457,0.9384920634920635,0.9263888888888889
Q4_K_XL,1,8+9+10+11+12+13+14+15,16+17+18+19+20+21+22+23+24+25+26+27+28+29+30+31+0+1+2+3+4+5+6+7,24,1512,504,1.0,target-temperature+token,0.9996397744036903,1.0003603554055505,0.015621463582008905,0.0038742878903975106,0.05361922688483908,0.9463807731151609,0.9404761904761905,0.926984126984127
Q4_K_XL,2,16+17+18+19+20+21+22+23,24,1,63,504,0.8,identity,0.9892359321103944,0.808704955038697,0.019788279171366854,0.004846364643427278,0.05897134023719343,0.9410286597628066,0.9226190476190477,0.9212301587301589
Q4_K_XL,2,16+17+18+19+20+21+22+23,24,1,63,504,0.8,target-temperature,0.9892359321103944,0.808704955038697,0.01967293638918522,0.004851056307166543,0.05906845566056134,0.9409315443394387,0.9226190476190477,0.9212301587301589
Q4_K_XL,2,16+17+18+19+20+21+22+23,24,1,63,504,0.8,target-temperature+entropy-token,0.9892359321103944,0.808704955038697,0.019846517760434213,0.004898906014745064,0.05954290030611321,0.9404570996938868,0.9265873015873016,0.9228174603174604
Q4_K_XL,2,16+17+18+19+20+21+22+23,24,1,63,504,0.8,target-temperature+token,0.9892359321103944,0.808704955038697,0.0200037218983389,0.0049402403573370396,0.05982668009578907,0.9401733199042109,0.9285714285714286,0.9222222222222224
Q4_K_XL,2,16+17+18+19+20+21+22+23,24,1,63,504,1.0,identity,0.998435949042679,1.0015665010447798,0.0166655690924849,0.004124370496915238,0.05745298001662622,0.9425470199833738,0.9226190476190477,0.9212301587301589
Q4_K_XL,2,16+17+18+19+20+21+22+23,24,1,63,504,1.0,target-temperature,0.998435949042679,1.0015665010447798,0.016649738554232074,0.004124471375046737,0.0574449942306952,0.9425550057693048,0.9226190476190477,0.9212301587301589
Q4_K_XL,2,16+17+18+19+20+21+22+23,24,1,63,504,1.0,target-temperature+entropy-token,0.998435949042679,1.0015665010447798,0.016725498822148938,0.004145733747361781,0.05759002741467792,0.9424099725853221,0.9285714285714286,0.9224206349206351
Q4_K_XL,2,16+17+18+19+20+21+22+23,24,1,63,504,1.0,target-temperature+token,0.998435949042679,1.0015665010447798,0.016845556445124952,0.004175967682416946,0.05780877891346689,0.9421912210865331,0.9265873015873016,0.9216269841269843
Q4_K_XL,2,16+17+18+19+20+21+22+23,24+25,2,126,504,0.8,identity,0.994245939589402,0.8046298889894179,0.019788279171366854,0.004846364643427278,0.05897134023719343,0.9410286597628066,0.9226190476190477,0.9212301587301589
Q4_K_XL,2,16+17+18+19+20+21+22+23,24+25,2,126,504,0.8,target-temperature,0.994245939589402,0.8046298889894179,0.01968634215040179,0.004838913831000659,0.05895495421562406,0.941045045784376,0.9226190476190477,0.9212301587301589
Q4_K_XL,2,16+17+18+19+20+21+22+23,24+25,2,126,504,0.8,target-temperature+entropy-token,0.994245939589402,0.8046298889894179,0.019950976932496495,0.004912757918374106,0.05960498166475604,0.940395018335244,0.9265873015873016,0.9222222222222224
Q4_K_XL,2,16+17+18+19+20+21+22+23,24+25,2,126,504,0.8,target-temperature+token,0.994245939589402,0.8046298889894179,0.019945791879389087,0.004913039222806151,0.059524310375868104,0.9404756896241319,0.9285714285714286,0.9230158730158731
Q4_K_XL,2,16+17+18+19+20+21+22+23,24+25,2,126,504,1.0,identity,1.0002192336820606,0.999780814370812,0.0166655690924849,0.004124370496915238,0.05745298001662622,0.9425470199833738,0.9226190476190477,0.9212301587301589
Q4_K_XL,2,16+17+18+19+20+21+22+23,24+25,2,126,504,1.0,target-temperature,1.0002192336820606,0.999780814370812,0.01666866021952905,0.004124574876843979,0.05745586779523133,0.9425441322047686,0.9226190476190477,0.9212301587301589
Q4_K_XL,2,16+17+18+19+20+21+22+23,24+25,2,126,504,1.0,target-temperature+entropy-token,1.0002192336820606,0.999780814370812,0.016726812599251337,0.004145044987216088,0.05750686854047499,0.9424931314595251,0.9226190476190477,0.9232142857142859
Q4_K_XL,2,16+17+18+19+20+21+22+23,24+25,2,126,504,1.0,target-temperature+token,1.0002192336820606,0.999780814370812,0.01674830416721032,0.004150758597082885,0.05751169634612101,0.942488303653879,0.9285714285714286,0.9228174603174605
Q4_K_XL,2,16+17+18+19+20+21+22+23,24+25+26+27,4,252,504,0.8,identity,0.9977255600574426,0.8018236998498276,0.019788279171366854,0.004846364643427278,0.05897134023719343,0.9410286597628066,0.9226190476190477,0.9212301587301589
Q4_K_XL,2,16+17+18+19+20+21+22+23,24+25+26+27,4,252,504,0.8,target-temperature,0.9977255600574426,0.8018236998498276,0.019737042550194723,0.00484073202407374,0.05894514564674174,0.9410548543532583,0.9226190476190477,0.9212301587301589
Q4_K_XL,2,16+17+18+19+20+21+22+23,24+25+26+27,4,252,504,0.8,target-temperature+entropy-token,0.9977255600574426,0.8018236998498276,0.019706795669532783,0.004844607767431905,0.058987367366895235,0.9410126326331048,0.9265873015873016,0.9242063492063494
Q4_K_XL,2,16+17+18+19+20+21+22+23,24+25+26+27,4,252,504,0.8,target-temperature+token,0.9977255600574426,0.8018236998498276,0.01977762857636564,0.004861396346121529,0.05911050626121531,0.9408894937387847,0.9265873015873016,0.9226190476190479
Q4_K_XL,2,16+17+18+19+20+21+22+23,24+25+26+27,4,252,504,1.0,identity,1.0014480100065937,0.9985540836946851,0.0166655690924849,0.004124370496915238,0.05745298001662622,0.9425470199833738,0.9226190476190477,0.9212301587301589
Q4_K_XL,2,16+17+18+19+20+21+22+23,24+25+26+27,4,252,504,1.0,target-temperature,1.0014480100065937,0.9985540836946851,0.016689943213672603,0.004126686175733912,0.05747711285709109,0.9425228871429089,0.9226190476190477,0.9212301587301589
Q4_K_XL,2,16+17+18+19+20+21+22+23,24+25+26+27,4,252,504,1.0,target-temperature+entropy-token,1.0014480100065937,0.9985540836946851,0.016571872621683262,0.004105460244001539,0.05711560951645619,0.9428843904835438,0.9246031746031746,0.9236111111111114
Q4_K_XL,2,16+17+18+19+20+21+22+23,24+25+26+27,4,252,504,1.0,target-temperature+token,1.0014480100065937,0.9985540836946851,0.016675109015767565,0.0041300982503899705,0.05731468532883896,0.942685314671161,0.9246031746031746,0.9226190476190479
Q4_K_XL,2,16+17+18+19+20+21+22+23,24+25+26+27+28+29+30+31,8,504,504,0.8,identity,0.9959922874493011,0.8032190711524183,0.019788279171366854,0.004846364643427278,0.05897134023719343,0.9410286597628066,0.9226190476190477,0.9212301587301589
Q4_K_XL,2,16+17+18+19+20+21+22+23,24+25+26+27+28+29+30+31,8,504,504,0.8,target-temperature,0.9959922874493011,0.8032190711524183,0.019707586102288052,0.004838792987492288,0.058942264091763306,0.9410577359082367,0.9226190476190477,0.9212301587301589
Q4_K_XL,2,16+17+18+19+20+21+22+23,24+25+26+27+28+29+30+31,8,504,504,0.8,target-temperature+entropy-token,0.9959922874493011,0.8032190711524183,0.019565167428257133,0.004816255398985229,0.05892698131522626,0.9410730186847738,0.9265873015873016,0.9251984126984129
Q4_K_XL,2,16+17+18+19+20+21+22+23,24+25+26+27+28+29+30+31,8,504,504,0.8,target-temperature+token,0.9959922874493011,0.8032190711524183,0.019549146904052312,0.004813199447724402,0.05891677961077354,0.9410832203892264,0.9285714285714286,0.9232142857142859
Q4_K_XL,2,16+17+18+19+20+21+22+23,24+25+26+27+28+29+30+31,8,504,504,1.0,identity,0.999390741603211,1.0006096298188751,0.0166655690924849,0.004124370496915238,0.05745298001662622,0.9425470199833738,0.9226190476190477,0.9212301587301589
Q4_K_XL,2,16+17+18+19+20+21+22+23,24+25+26+27+28+29+30+31,8,504,504,1.0,target-temperature,0.999390741603211,1.0006096298188751,0.016658107748157132,0.004124084673001058,0.05744636211889768,0.9425536378811024,0.9226190476190477,0.9212301587301589
Q4_K_XL,2,16+17+18+19+20+21+22+23,24+25+26+27+28+29+30+31,8,504,504,1.0,target-temperature+entropy-token,0.999390741603211,1.0006096298188751,0.01647821510814339,0.004087569140270353,0.05706325247878961,0.9429367475212104,0.9265873015873016,0.9238095238095241
Q4_K_XL,2,16+17+18+19+20+21+22+23,24+25+26+27+28+29+30+31,8,504,504,1.0,target-temperature+token,0.999390741603211,1.0006096298188751,0.016522331153997323,0.004097682450752325,0.05713326758128489,0.9428667324187151,0.9305555555555556,0.9234126984126986
Q4_K_XL,2,16+17+18+19+20+21+22+23,24+25+26+27+28+29+30+31+0+1+2+3+4+5+6+7,16,1008,504,0.8,identity,0.9974609968641265,0.8020363728657909,0.019788279171366854,0.004846364643427278,0.05897134023719343,0.9410286597628066,0.9226190476190477,0.9212301587301589
Q4_K_XL,2,16+17+18+19+20+21+22+23,24+25+26+27+28+29+30+31+0+1+2+3+4+5+6+7,16,1008,504,0.8,target-temperature,0.9974609968641265,0.8020363728657909,0.0197320124828709,0.004840305122175908,0.05894387175157503,0.941056128248425,0.9226190476190477,0.9212301587301589
Q4_K_XL,2,16+17+18+19+20+21+22+23,24+25+26+27+28+29+30+31+0+1+2+3+4+5+6+7,16,1008,504,0.8,target-temperature+entropy-token,0.9974609968641265,0.8020363728657909,0.019442478301780874,0.004777895837165577,0.05886084891878092,0.941139151081219,0.9285714285714286,0.9236111111111113
Q4_K_XL,2,16+17+18+19+20+21+22+23,24+25+26+27+28+29+30+31+0+1+2+3+4+5+6+7,16,1008,504,0.8,target-temperature+token,0.9974609968641265,0.8020363728657909,0.019415785485551038,0.004772118658949705,0.05885331264512086,0.9411466873548792,0.9265873015873016,0.9234126984126986
Q4_K_XL,2,16+17+18+19+20+21+22+23,24+25+26+27+28+29+30+31+0+1+2+3+4+5+6+7,16,1008,504,1.0,identity,1.0009948509766016,0.9990061377682103,0.0166655690924849,0.004124370496915238,0.05745298001662622,0.9425470199833738,0.9226190476190477,0.9212301587301589
Q4_K_XL,2,16+17+18+19+20+21+22+23,24+25+26+27+28+29+30+31+0+1+2+3+4+5+6+7,16,1008,504,1.0,target-temperature,1.0009948509766016,0.9990061377682103,0.016681320069405307,0.004125714076940493,0.05746825984487086,0.9425317401551292,0.9226190476190477,0.9212301587301589
Q4_K_XL,2,16+17+18+19+20+21+22+23,24+25+26+27+28+29+30+31+0+1+2+3+4+5+6+7,16,1008,504,1.0,target-temperature+entropy-token,1.0009948509766016,0.9990061377682103,0.016454079825419986,0.004075549866577658,0.057162775234621856,0.9428372247653781,0.9305555555555556,0.9228174603174606
Q4_K_XL,2,16+17+18+19+20+21+22+23,24+25+26+27+28+29+30+31+0+1+2+3+4+5+6+7,16,1008,504,1.0,target-temperature+token,1.0009948509766016,0.9990061377682103,0.016434049241825375,0.004069344420037237,0.057079346740046895,0.9429206532599531,0.9285714285714286,0.9236111111111114
Q4_K_XL,2,16+17+18+19+20+21+22+23,24+25+26+27+28+29+30+31+0+1+2+3+4+5+6+7+8+9+10+11+12+13+14+15,24,1512,504,0.8,identity,0.9974135173670821,0.8020745518987917,0.019788279171366854,0.004846364643427278,0.05897134023719343,0.9410286597628066,0.9226190476190477,0.9212301587301589
Q4_K_XL,2,16+17+18+19+20+21+22+23,24+25+26+27+28+29+30+31+0+1+2+3+4+5+6+7+8+9+10+11+12+13+14+15,24,1512,504,0.8,target-temperature,0.9974135173670821,0.8020745518987917,0.019731134014367487,0.00484023202939216,0.05894366750018979,0.9410563324998102,0.9226190476190477,0.9212301587301589
Q4_K_XL,2,16+17+18+19+20+21+22+23,24+25+26+27+28+29+30+31+0+1+2+3+4+5+6+7+8+9+10+11+12+13+14+15,24,1512,504,0.8,target-temperature+entropy-token,0.9974135173670821,0.8020745518987917,0.019413559217095245,0.00476911284157882,0.05878819253440556,0.9412118074655944,0.9325396825396826,0.923809523809524
Q4_K_XL,2,16+17+18+19+20+21+22+23,24+25+26+27+28+29+30+31+0+1+2+3+4+5+6+7+8+9+10+11+12+13+14+15,24,1512,504,0.8,target-temperature+token,0.9974135173670821,0.8020745518987917,0.019349907407810948,0.0047549452609865,0.05872761189379575,0.9412723881062043,0.9305555555555556,0.9230158730158731
Q4_K_XL,2,16+17+18+19+20+21+22+23,24+25+26+27+28+29+30+31+0+1+2+3+4+5+6+7+8+9+10+11+12+13+14+15,24,1512,504,1.0,identity,1.0005813598781785,0.999418977904756,0.0166655690924849,0.004124370496915238,0.05745298001662622,0.9425470199833738,0.9226190476190477,0.9212301587301589
Q4_K_XL,2,16+17+18+19+20+21+22+23,24+25+26+27+28+29+30+31+0+1+2+3+4+5+6+7+8+9+10+11+12+13+14+15,24,1512,504,1.0,target-temperature,1.0005813598781785,0.999418977904756,0.016674231265363285,0.004125024428414495,0.05746127996181236,0.9425387200381876,0.9226190476190477,0.9212301587301589
Q4_K_XL,2,16+17+18+19+20+21+22+23,24+25+26+27+28+29+30+31+0+1+2+3+4+5+6+7+8+9+10+11+12+13+14+15,24,1512,504,1.0,target-temperature+entropy-token,1.0005813598781785,0.999418977904756,0.01643573426739179,0.004070165841802073,0.056932137218938,0.943067862781062,0.9345238095238095,0.9240079365079366
Q4_K_XL,2,16+17+18+19+20+21+22+23,24+25+26+27+28+29+30+31+0+1+2+3+4+5+6+7+8+9+10+11+12+13+14+15,24,1512,504,1.0,target-temperature+token,1.0005813598781785,0.999418977904756,0.01639384095832907,0.004059875278339327,0.056987460254937276,0.9430125397450627,0.9305555555555556,0.922420634920635
Q4_K_XL,3,24+25+26+27+28+29+30+31,0,1,63,504,0.8,identity,1.0034969994685388,0.7972121495367573,0.021105668240112084,0.005105859282229737,0.06129147936594306,0.938708520634057,0.9444444444444444,0.9198412698412699
Q4_K_XL,3,24+25+26+27+28+29+30+31,0,1,63,504,0.8,target-temperature,1.0034969994685388,0.7972121495367573,0.021163826078195922,0.005107601160130696,0.06128785637506661,0.9387121436249334,0.9444444444444444,0.9198412698412699
Q4_K_XL,3,24+25+26+27+28+29+30+31,0,1,63,504,0.8,target-temperature+entropy-token,1.0034969994685388,0.7972121495367573,0.021321748004867556,0.005149959631567391,0.061955974617230174,0.9380440253827699,0.9464285714285714,0.9200396825396826
Q4_K_XL,3,24+25+26+27+28+29+30+31,0,1,63,504,0.8,target-temperature+token,1.0034969994685388,0.7972121495367573,0.02154534463076043,0.005208140197391336,0.06227383181057742,0.9377261681894226,0.9444444444444444,0.9182539682539684
Q4_K_XL,3,24+25+26+27+28+29+30+31,0,1,63,504,1.0,identity,1.0004489447585263,0.9995512567024251,0.017891982931610796,0.00438274488683367,0.060644707313042,0.9393552926869579,0.9444444444444444,0.9198412698412699
Q4_K_XL,3,24+25+26+27+28+29+30+31,0,1,63,504,1.0,target-temperature,1.0004489447585263,0.9995512567024251,0.01789376058717344,0.004381823030738831,0.06063345702088035,0.9393665429791197,0.9444444444444444,0.9198412698412699
Q4_K_XL,3,24+25+26+27+28+29+30+31,0,1,63,504,1.0,target-temperature+entropy-token,1.0004489447585263,0.9995512567024251,0.0178940305425508,0.004388180964848999,0.06083437107773058,0.9391656289222694,0.9444444444444444,0.9202380952380954
Q4_K_XL,3,24+25+26+27+28+29+30+31,0,1,63,504,1.0,target-temperature+token,1.0004489447585263,0.9995512567024251,0.01803178809188921,0.004422625834386004,0.061206765213971684,0.9387932347860283,0.9444444444444444,0.9184523809523811
Q4_K_XL,3,24+25+26+27+28+29+30+31,0+1,2,126,504,0.8,identity,1.0080939774725701,0.793576807199771,0.021105668240112084,0.005105859282229737,0.06129147936594306,0.938708520634057,0.9444444444444444,0.9198412698412699
Q4_K_XL,3,24+25+26+27+28+29+30+31,0+1,2,126,504,0.8,target-temperature,1.0080939774725701,0.793576807199771,0.02129356367771144,0.005122875395218762,0.061382278595720846,0.9386177214042791,0.9444444444444444,0.9198412698412699
Q4_K_XL,3,24+25+26+27+28+29+30+31,0+1,2,126,504,0.8,target-temperature+entropy-token,1.0080939774725701,0.793576807199771,0.021574248414222123,0.00519002569048391,0.06214343073966598,0.937856569260334,0.9424603174603174,0.9210317460317461
Q4_K_XL,3,24+25+26+27+28+29+30+31,0+1,2,126,504,0.8,target-temperature+token,1.0080939774725701,0.793576807199771,0.021822379056310917,0.005255078650781559,0.0625587422318784,0.9374412577681216,0.9424603174603174,0.9206349206349208
Q4_K_XL,3,24+25+26+27+28+29+30+31,0+1,2,126,504,1.0,identity,1.005049893981818,0.994975479314951,0.017891982931610796,0.00438274488683367,0.060644707313042,0.9393552926869579,0.9444444444444444,0.9198412698412699
Q4_K_XL,3,24+25+26+27+28+29+30+31,0+1,2,126,504,1.0,target-temperature,1.005049893981818,0.994975479314951,0.01796619738390818,0.004385753912375533,0.06063408366341199,0.9393659163365881,0.9444444444444444,0.9198412698412699
Q4_K_XL,3,24+25+26+27+28+29+30+31,0+1,2,126,504,1.0,target-temperature+entropy-token,1.005049893981818,0.994975479314951,0.01810770727848876,0.004423370075637347,0.06095138665450793,0.9390486133454921,0.9424603174603174,0.9214285714285716
Q4_K_XL,3,24+25+26+27+28+29+30+31,0+1,2,126,504,1.0,target-temperature+token,1.005049893981818,0.994975479314951,0.018256317647424365,0.004460781286508131,0.06140734326633416,0.9385926567336659,0.9404761904761905,0.9208333333333335
Q4_K_XL,3,24+25+26+27+28+29+30+31,0+1+2+3,4,252,504,0.8,identity,1.00542605293676,0.7956825841773955,0.021105668240112084,0.005105859282229737,0.06129147936594306,0.938708520634057,0.9444444444444444,0.9198412698412699
Q4_K_XL,3,24+25+26+27+28+29+30+31,0+1+2+3,4,252,504,0.8,target-temperature,1.00542605293676,0.7956825841773955,0.021210961614133203,0.005112236569066021,0.061315758255555616,0.9386842417444444,0.9444444444444444,0.9198412698412699
Q4_K_XL,3,24+25+26+27+28+29+30+31,0+1+2+3,4,252,504,0.8,target-temperature+entropy-token,1.00542605293676,0.7956825841773955,0.021031342077924883,0.005071670429180551,0.06131323710093013,0.9386867628990698,0.9484126984126984,0.9210317460317461
Q4_K_XL,3,24+25+26+27+28+29+30+31,0+1+2+3,4,252,504,0.8,target-temperature+token,1.00542605293676,0.7956825841773955,0.021153704480343413,0.005108043657661863,0.06159798941889825,0.9384020105811017,0.9404761904761905,0.921825396825397
Q4_K_XL,3,24+25+26+27+28+29+30+31,0+1+2+3,4,252,504,1.0,identity,1.0056654326522385,0.9943664836552082,0.017891982931610796,0.00438274488683367,0.060644707313042,0.9393552926869579,0.9444444444444444,0.9198412698412699
Q4_K_XL,3,24+25+26+27+28+29+30+31,0+1+2+3,4,252,504,1.0,target-temperature,1.0056654326522385,0.9943664836552082,0.01798333553534713,0.004388104825656524,0.060649158092390944,0.9393508419076091,0.9444444444444444,0.9198412698412699
Q4_K_XL,3,24+25+26+27+28+29+30+31,0+1+2+3,4,252,504,1.0,target-temperature+entropy-token,1.0056654326522385,0.9943664836552082,0.017827361204065292,0.004353694547291632,0.06035032126521675,0.9396496787347832,0.9484126984126984,0.9206349206349208
Q4_K_XL,3,24+25+26+27+28+29+30+31,0+1+2+3,4,252,504,1.0,target-temperature+token,1.0056654326522385,0.9943664836552082,0.017836381960927655,0.004358481650276096,0.06052525523252356,0.9394747447674764,0.9424603174603174,0.9216269841269843
Q4_K_XL,3,24+25+26+27+28+29+30+31,0+1+2+3+4+5+6+7,8,504,504,0.8,identity,0.9991991830600673,0.8006411670093486,0.021105668240112084,0.005105859282229737,0.06129147936594306,0.938708520634057,0.9444444444444444,0.9198412698412699
Q4_K_XL,3,24+25+26+27+28+29+30+31,0+1+2+3+4+5+6+7,8,504,504,0.8,target-temperature,0.9991991830600673,0.8006411670093486,0.021097325013473084,0.0051066827624253325,0.0613024965162747,0.9386975034837253,0.9444444444444444,0.9198412698412699
Q4_K_XL,3,24+25+26+27+28+29+30+31,0+1+2+3+4+5+6+7,8,504,504,0.8,target-temperature+entropy-token,0.9991991830600673,0.8006411670093486,0.02089987860987658,0.005066984973283166,0.06137698239969076,0.9386230176003092,0.9384920634920635,0.9222222222222224
Q4_K_XL,3,24+25+26+27+28+29+30+31,0+1+2+3+4+5+6+7,8,504,504,0.8,target-temperature+token,0.9991991830600673,0.8006411670093486,0.02087930390030909,0.005066089059438306,0.06147083594286171,0.9385291640571383,0.9345238095238095,0.9226190476190478
Q4_K_XL,3,24+25+26+27+28+29+30+31,0+1+2+3+4+5+6+7,8,504,504,1.0,identity,1.0028437006833275,0.9971643630194916,0.017891982931610796,0.00438274488683367,0.060644707313042,0.9393552926869579,0.9444444444444444,0.9198412698412699
Q4_K_XL,3,24+25+26+27+28+29+30+31,0+1+2+3+4+5+6+7,8,504,504,1.0,target-temperature,1.0028437006833275,0.9971643630194916,0.017919203997769452,0.004380839353149867,0.060607194055047144,0.9393928059449529,0.9444444444444444,0.9198412698412699
Q4_K_XL,3,24+25+26+27+28+29+30+31,0+1+2+3+4+5+6+7,8,504,504,1.0,target-temperature+entropy-token,1.0028437006833275,0.9971643630194916,0.01762579862155787,0.004315632686996985,0.060154283074646785,0.9398457169253532,0.9404761904761905,0.9230158730158731
Q4_K_XL,3,24+25+26+27+28+29+30+31,0+1+2+3+4+5+6+7,8,504,504,1.0,target-temperature+token,1.0028437006833275,0.9971643630194916,0.017611259015841107,0.004314001166779998,0.060197001813927876,0.9398029981860722,0.9384920634920635,0.9224206349206351
Q4_K_XL,3,24+25+26+27+28+29+30+31,0+1+2+3+4+5+6+7+8+9+10+11+12+13+14+15,16,1008,504,0.8,identity,0.9982856848297224,0.8013738072748745,0.021105668240112084,0.005105859282229737,0.06129147936594306,0.938708520634057,0.9444444444444444,0.9198412698412699
Q4_K_XL,3,24+25+26+27+28+29+30+31,0+1+2+3+4+5+6+7+8+9+10+11+12+13+14+15,16,1008,504,0.8,target-temperature,0.9982856848297224,0.8013738072748745,0.021090093349698465,0.005108181465900412,0.06131992275754963,0.9386800772424504,0.9444444444444444,0.9198412698412699
Q4_K_XL,3,24+25+26+27+28+29+30+31,0+1+2+3+4+5+6+7+8+9+10+11+12+13+14+15,16,1008,504,0.8,target-temperature+entropy-token,0.9982856848297224,0.8013738072748745,0.02077494337108884,0.005044566472828823,0.061243247408048505,0.9387567525919515,0.9384920634920635,0.9234126984126986
Q4_K_XL,3,24+25+26+27+28+29+30+31,0+1+2+3+4+5+6+7+8+9+10+11+12+13+14+15,16,1008,504,0.8,target-temperature+token,0.9982856848297224,0.8013738072748745,0.02068421717070937,0.005021791564130051,0.06112890991681278,0.9388710900831873,0.9384920634920635,0.9236111111111113
Q4_K_XL,3,24+25+26+27+28+29+30+31,0+1+2+3+4+5+6+7+8+9+10+11+12+13+14+15,16,1008,504,1.0,identity,1.0012811610145893,0.9987204782587829,0.017891982931610796,0.00438274488683367,0.060644707313042,0.9393552926869579,0.9444444444444444,0.9198412698412699
Q4_K_XL,3,24+25+26+27+28+29+30+31,0+1+2+3+4+5+6+7+8+9+10+11+12+13+14+15,16,1008,504,1.0,target-temperature,1.0012811610145893,0.9987204782587829,0.0178995777032451,0.004380730305645747,0.06061822444440795,0.939381775555592,0.9444444444444444,0.9198412698412699
Q4_K_XL,3,24+25+26+27+28+29+30+31,0+1+2+3+4+5+6+7+8+9+10+11+12+13+14+15,16,1008,504,1.0,target-temperature+entropy-token,1.0012811610145893,0.9987204782587829,0.01746404593927403,0.004283804826146068,0.05986309712105659,0.9401369028789434,0.9424603174603174,0.9232142857142859
Q4_K_XL,3,24+25+26+27+28+29+30+31,0+1+2+3+4+5+6+7+8+9+10+11+12+13+14+15,16,1008,504,1.0,target-temperature+token,1.0012811610145893,0.9987204782587829,0.01742942992713584,0.00427517252369176,0.05985567545716881,0.9401443245428311,0.9365079365079365,0.9238095238095239
Q4_K_XL,3,24+25+26+27+28+29+30+31,0+1+2+3+4+5+6+7+8+9+10+11+12+13+14+15+16+17+18+19+20+21+22+23,24,1512,504,0.8,identity,0.9955045420190459,0.8036126067064137,0.021105668240112084,0.005105859282229737,0.06129147936594306,0.938708520634057,0.9444444444444444,0.9198412698412699
Q4_K_XL,3,24+25+26+27+28+29+30+31,0+1+2+3+4+5+6+7+8+9+10+11+12+13+14+15+16+17+18+19+20+21+22+23,24,1512,504,0.8,target-temperature,0.9955045420190459,0.8036126067064137,0.021083167364988442,0.0051164560524225924,0.06140540400245494,0.938594595997545,0.9444444444444444,0.9198412698412699
Q4_K_XL,3,24+25+26+27+28+29+30+31,0+1+2+3+4+5+6+7+8+9+10+11+12+13+14+15+16+17+18+19+20+21+22+23,24,1512,504,0.8,target-temperature+entropy-token,0.9955045420190459,0.8036126067064137,0.020573914657098517,0.005004750694792728,0.061056531230082645,0.9389434687699174,0.9424603174603174,0.9238095238095239
Q4_K_XL,3,24+25+26+27+28+29+30+31,0+1+2+3+4+5+6+7+8+9+10+11+12+13+14+15+16+17+18+19+20+21+22+23,24,1512,504,0.8,target-temperature+token,0.9955045420190459,0.8036126067064137,0.02054069185906589,0.004994722047795428,0.06101744067982256,0.9389825593201775,0.9404761904761905,0.9226190476190478
Q4_K_XL,3,24+25+26+27+28+29+30+31,0+1+2+3+4+5+6+7+8+9+10+11+12+13+14+15+16+17+18+19+20+21+22+23,24,1512,504,1.0,identity,0.9997388719977192,1.0002611962079249,0.017891982931610796,0.00438274488683367,0.060644707313042,0.9393552926869579,0.9444444444444444,0.9198412698412699
Q4_K_XL,3,24+25+26+27+28+29+30+31,0+1+2+3+4+5+6+7+8+9+10+11+12+13+14+15+16+17+18+19+20+21+22+23,24,1512,504,1.0,target-temperature,0.9997388719977192,1.0002611962079249,0.017891382234113604,0.004383386500303721,0.06065187420378448,0.9393481257962155,0.9444444444444444,0.9198412698412699
Q4_K_XL,3,24+25+26+27+28+29+30+31,0+1+2+3+4+5+6+7+8+9+10+11+12+13+14+15+16+17+18+19+20+21+22+23,24,1512,504,1.0,target-temperature+entropy-token,0.9997388719977192,1.0002611962079249,0.017349130266097294,0.004260144369469107,0.059619858234768,0.940380141765232,0.9424603174603174,0.9242063492063494
Q4_K_XL,3,24+25+26+27+28+29+30+31,0+1+2+3+4+5+6+7+8+9+10+11+12+13+14+15+16+17+18+19+20+21+22+23,24,1512,504,1.0,target-temperature+token,0.9997388719977192,1.0002611962079249,0.017311792459923574,0.004250209407225153,0.059692438330976365,0.9403075616690236,0.9424603174603174,0.9232142857142859
