fold,basis,seed,components,identity_kl,baseline_kl,oracle_kl,recovered_from_identity,recovered_from_baseline,js,tv,top1_agreement,top10_overlap
0,gaussian-random,0,1,0.2409247742281902,0.23071240672297003,0.20786845236248863,0.137205988763914,0.09901485006790933,0.047889341054383534,0.19661979652445888,0.8373015873015873,0.7418650793650793
0,gaussian-random,0,2,0.2409247742281902,0.23071240672297003,0.18487882939085049,0.23262840036639898,0.19866108625512546,0.04289813682207142,0.177727550921825,0.8670634920634921,0.7388888888888888
0,gaussian-random,0,4,0.2409247742281902,0.23071240672297003,0.15640443714437816,0.3508162967240521,0.3220805098176529,0.036135418626516196,0.15079465528091335,0.8948412698412699,0.7418650793650793
0,gaussian-random,0,8,0.2409247742281902,0.23071240672297003,0.12725702420618978,0.471797682019786,0.44841707468729763,0.029288022730188525,0.12303502328352973,0.9285714285714286,0.7611111111111112
0,gaussian-random,0,16,0.2409247742281902,0.23071240672297003,0.09894344941846425,0.589318077663733,0.571139450956049,0.02271955932927295,0.09544001916295129,0.9543650793650794,0.8083333333333333
0,gaussian-random,0,32,0.2409247742281902,0.23071240672297003,0.07248533194764761,0.699137076376406,0.6858195318698876,0.016649807589010503,0.07117271865160849,0.9841269841269841,0.8740079365079366
0,gaussian-random,1,1,0.2409247742281902,0.23071240672297003,0.21054737500908818,0.12608665636988525,0.08740332607294576,0.048320292139360226,0.197474944589496,0.8154761904761905,0.7448412698412699
0,gaussian-random,1,2,0.2409247742281902,0.23071240672297003,0.1915100599544392,0.2051043294823146,0.16991867635277802,0.044107807541789605,0.18026873305290203,0.8472222222222222,0.7422619047619048
0,gaussian-random,1,4,0.2409247742281902,0.23071240672297003,0.1599095356957022,0.33626777815615994,0.3068880084645166,0.037169292411915016,0.15410365063828615,0.9007936507936508,0.7398809523809523
0,gaussian-random,1,8,0.2409247742281902,0.23071240672297003,0.13144308314786562,0.45442271941958845,0.43027301819231123,0.03040413553488705,0.12587858748402223,0.9365079365079365,0.7577380952380952
0,gaussian-random,1,16,0.2409247742281902,0.23071240672297003,0.10071335344719798,0.5819717844715793,0.5634679778269123,0.023207331695960284,0.09698731217747061,0.9642857142857143,0.8007936507936508
0,gaussian-random,1,32,0.2409247742281902,0.23071240672297003,0.07269216793367118,0.6982785677955173,0.6849230218427007,0.01667007725113081,0.0712367987785457,0.9761904761904762,0.8755952380952382
0,gaussian-random,2,1,0.2409247742281902,0.23071240672297003,0.20262334981568808,0.15897669525768732,0.12174922582733116,0.04668047640069172,0.19321602100824636,0.8353174603174603,0.7432539682539682
0,gaussian-random,2,2,0.2409247742281902,0.23071240672297003,0.18536411011837997,0.23061415866342716,0.19655768516620098,0.04262965845421646,0.17748568051510824,0.8571428571428571,0.7446428571428573
0,gaussian-random,2,4,0.2409247742281902,0.23071240672297003,0.15990617475107446,0.3362817283389028,0.30690257614501315,0.03669335707653839,0.1519009712015344,0.9107142857142857,0.7458333333333332
0,gaussian-random,2,8,0.2409247742281902,0.23071240672297003,0.1289462020541897,0.46478645682133457,0.44109550116642404,0.02957224637782988,0.12353038250799674,0.9484126984126984,0.7591269841269842
0,gaussian-random,2,16,0.2409247742281902,0.23071240672297003,0.10102475869321595,0.5806792430672527,0.5621182227338024,0.02326905959206341,0.09763624744399081,0.9702380952380952,0.801984126984127
0,gaussian-random,2,32,0.2409247742281902,0.23071240672297003,0.07432600653409065,0.6914970377280782,0.677841310791152,0.01707760076221665,0.0726092536526911,0.9781746031746031,0.8765873015873017
0,gaussian-random,3,1,0.2409247742281902,0.23071240672297003,0.20512374757685942,0.14859836131846738,0.11091150020742668,0.04735616485575395,0.19377090932586172,0.8353174603174603,0.7428571428571429
0,gaussian-random,3,2,0.2409247742281902,0.23071240672297003,0.18758392239612434,0.2214004433663781,0.18693612944115567,0.04335558208340447,0.17816478976730646,0.8472222222222222,0.7406746031746032
0,gaussian-random,3,4,0.2409247742281902,0.23071240672297003,0.16393969672363204,0.31953989684615114,0.2894196759843779,0.03796136839491131,0.1574292587469476,0.878968253968254,0.7386904761904762
0,gaussian-random,3,8,0.2409247742281902,0.23071240672297003,0.13115006998566378,0.45563892129480255,0.4315430546258252,0.03032702233151735,0.12661008392576806,0.9345238095238095,0.7521825396825397
0,gaussian-random,3,16,0.2409247742281902,0.23071240672297003,0.09940456933565409,0.5874041195883668,0.5691407724985722,0.0228571333429797,0.09622537460972486,0.9642857142857143,0.8087301587301587
0,gaussian-random,3,32,0.2409247742281902,0.23071240672297003,0.07392506018865508,0.6931612349727161,0.6795791728815813,0.017031652798566617,0.07185744425197248,0.9880952380952381,0.8771825396825397
0,identity,,0,0.2409247742281902,0.23071240672297003,0.2409247742281902,0.0,-0.04426449210199079,0.05531911007802856,0.2231222599647373,0.7916666666666666,0.748015873015873
0,learned-residual-pca,,1,0.2409247742281902,0.23071240672297003,0.2073690523431826,0.13927883503265437,0.10117944982394111,0.047660482466816353,0.1950413321896255,0.8392857142857143,0.7418650793650794
0,learned-residual-pca,,2,0.2409247742281902,0.23071240672297003,0.18799463374156722,0.21969571479805794,0.1851559419285871,0.04323072110932194,0.1777324052518954,0.8452380952380952,0.7426587301587302
0,learned-residual-pca,,4,0.2409247742281902,0.23071240672297003,0.15914627956640787,0.339435804905337,0.31019626630871144,0.03656727027336991,0.15151853482450994,0.8888888888888888,0.7531746031746033
0,learned-residual-pca,,8,0.2409247742281902,0.23071240672297003,0.13008327916670612,0.46006682134109356,0.4361669534187437,0.029584315623932694,0.1231679628592239,0.9206349206349206,0.7748015873015873
0,learned-residual-pca,,16,0.2409247742281902,0.23071240672297003,0.09798343035587337,0.5933028030439532,0.5753005581813906,0.022256516638234372,0.09392361685206374,0.9523809523809523,0.8226190476190477
0,learned-residual-pca,,32,0.2409247742281902,0.23071240672297003,0.07329448586854614,0.695778542894365,0.6823123346090566,0.01654416690303548,0.07104792080262323,0.9742063492063492,0.875793650793651
0,sign-randomized-pca,0,16,0.2409247742281902,0.23071240672297003,0.11020521730002228,0.5425741597016411,0.5223264372065081,0.024963095220573824,0.10112276679752268,0.9503968253968254,0.8083333333333333
0,sign-randomized-pca,1,16,0.2409247742281902,0.23071240672297003,0.10884952759980555,0.5482011845875614,0.5282025394910488,0.024686664259147995,0.099822341489889,0.9523809523809523,0.8047619047619048
0,sign-randomized-pca,2,16,0.2409247742281902,0.23071240672297003,0.11018215591413819,0.5426698799776402,0.5224263944919079,0.025046998969004947,0.10137291223218908,0.9543650793650794,0.8063492063492065
0,sign-randomized-pca,3,16,0.2409247742281902,0.23071240672297003,0.10787478816195316,0.5522470094346532,0.5324274507201306,0.02453104755985475,0.1002327777820842,0.9543650793650794,0.8069444444444446
0,temperature-token,,0,0.2409247742281902,0.23071240672297003,0.23071240672297003,0.04238819995965881,0.0,0.05273323083321023,0.2172878845505675,0.7896825396825397,0.7529761904761905
0,token-permuted-pca,0,16,0.2409247742281902,0.23071240672297003,0.1489730325987089,0.38166162829892236,0.35429119432840217,0.03403028095352988,0.13716874321499656,0.8988095238095238,0.7751984126984128
0,token-permuted-pca,1,16,0.2409247742281902,0.23071240672297003,0.1465654319629253,0.3916547916981469,0.36472670002998564,0.033618642998028504,0.13837564851873585,0.9087301587301587,0.7811507936507938
0,token-permuted-pca,2,16,0.2409247742281902,0.23071240672297003,0.15099220812728753,0.37328069057656843,0.3455392786544299,0.03422790986721404,0.14064516618676065,0.9047619047619048,0.778968253968254
0,token-permuted-pca,3,16,0.2409247742281902,0.23071240672297003,0.14482884600304807,0.39886279247532075,0.37225375930063176,0.033147424096415835,0.1357678613971052,0.9186507936507936,0.7807539682539683
1,gaussian-random,0,1,0.20671004385424532,0.20129327682481188,0.179491440902364,0.1316752802349247,0.10830881322192543,0.041575211809404614,0.17799197453964447,0.8293650793650794,0.7426587301587302
1,gaussian-random,0,2,0.20671004385424532,0.20129327682481188,0.16276825988872737,0.212576917629131,0.19138749959152057,0.03775896576926158,0.16137278403589145,0.8591269841269841,0.7396825396825397
1,gaussian-random,0,4,0.20671004385424532,0.20129327682481188,0.1405149747644826,0.32023150813338297,0.3019390563810306,0.032691958404976525,0.14005267555977313,0.8908730158730159,0.7398809523809523
1,gaussian-random,0,8,0.20671004385424532,0.20129327682481188,0.11167861937805286,0.45973298009263974,0.44519448866020406,0.026196873655349628,0.11284768867340393,0.9345238095238095,0.7597222222222223
1,gaussian-random,0,16,0.20671004385424532,0.20129327682481188,0.08299000734003759,0.5985197148980568,0.5877159503331806,0.019448787434743778,0.08618121425674462,0.9662698412698413,0.8130952380952382
1,gaussian-random,0,32,0.20671004385424532,0.20129327682481188,0.061763706154158,0.7012060710619915,0.6931655784613624,0.013913105446199194,0.06295347353925305,0.9861111111111112,0.8835317460317461
1,gaussian-random,1,1,0.20671004385424532,0.20129327682481188,0.1807507269701263,0.12558323920836356,0.10205283643210805,0.04158321059789919,0.1760429474758556,0.8373015873015873,0.7430555555555556
1,gaussian-random,1,2,0.20671004385424532,0.20129327682481188,0.16471146089727087,0.20317630519486685,0.18173391831351937,0.038279081727725546,0.16186729488326462,0.8690476190476191,0.7436507936507936
1,gaussian-random,1,4,0.20671004385424532,0.20129327682481188,0.14064509165871497,0.319602042376392,0.30129265181012377,0.0327608815583454,0.138899318996838,0.8988095238095238,0.7444444444444446
1,gaussian-random,1,8,0.20671004385424532,0.20129327682481188,0.11220841794401867,0.457169976592242,0.44256251518189005,0.026221917813459075,0.11412871886967232,0.9285714285714286,0.7593253968253969
1,gaussian-random,1,16,0.20671004385424532,0.20129327682481188,0.0816753725541158,0.6048795161027276,0.594246892680877,0.01926374415691469,0.08645877332111945,0.9702380952380952,0.8109126984126985
1,gaussian-random,1,32,0.20671004385424532,0.20129327682481188,0.06225359276050343,0.698836149420976,0.6907318826416466,0.01403949053968069,0.06381001715400379,0.9880952380952381,0.8857142857142858
1,gaussian-random,2,1,0.20671004385424532,0.20129327682481188,0.18053358444619408,0.12663370835772592,0.10313157352336821,0.041661751040688214,0.1758403255919026,0.8234126984126984,0.7503968253968254
1,gaussian-random,2,2,0.20671004385424532,0.20129327682481188,0.15854062354777462,0.2330289298396926,0.2123898718894891,0.03680399789905914,0.1569155741770709,0.8571428571428571,0.745436507936508
1,gaussian-random,2,4,0.20671004385424532,0.20129327682481188,0.13738503229431273,0.3353732129669268,0.31748822185511594,0.031816375148930626,0.13612761239077856,0.8948412698412699,0.7422619047619048
1,gaussian-random,2,8,0.20671004385424532,0.20129327682481188,0.10858197963624751,0.4747135765071461,0.4605782103157484,0.025583811158171967,0.11197659059240285,0.9325396825396826,0.7688492063492064
1,gaussian-random,2,16,0.20671004385424532,0.20129327682481188,0.0814975216535018,0.605739904390098,0.5951304338672467,0.019162811818118856,0.08538447590485868,0.9642857142857143,0.8162698412698415
1,gaussian-random,2,32,0.20671004385424532,0.20129327682481188,0.061955533984219616,0.7002780666627622,0.6922126016253374,0.013973452965509435,0.0631646220898525,0.9861111111111112,0.8888888888888888
1,gaussian-random,3,1,0.20671004385424532,0.20129327682481188,0.17633261371780226,0.14695672048651243,0.12400147436982312,0.041306006118412945,0.17588815133716754,0.8194444444444444,0.7488095238095239
1,gaussian-random,3,2,0.20671004385424532,0.20129327682481188,0.16349601687641752,0.20905625180118836,0.1877720932591792,0.0383474117344525,0.1616070131445562,0.8571428571428571,0.7444444444444446
1,gaussian-random,3,4,0.20671004385424532,0.20129327682481188,0.13963316721843552,0.32449742346872523,0.3063197667552501,0.03283387260256313,0.13964383306312894,0.9007936507936508,0.7490079365079365
1,gaussian-random,3,8,0.20671004385424532,0.20129327682481188,0.10857571243276805,0.47474389532166816,0.46060934500428996,0.02580516980990337,0.11305292996094447,0.9444444444444444,0.7660714285714286
1,gaussian-random,3,16,0.20671004385424532,0.20129327682481188,0.08038387000713362,0.6111274106070355,0.6006629169383897,0.018978091227642532,0.08517416706888618,0.9682539682539683,0.811904761904762
1,gaussian-random,3,32,0.20671004385424532,0.20129327682481188,0.05772302525444473,0.7207536500009346,0.7132391793458566,0.013547419522581268,0.06200622925386602,0.9900793650793651,0.8853174603174604
1,identity,,0,0.20671004385424532,0.20129327682481188,0.20671004385424532,0.0,-0.026909825876339166,0.048020227773725235,0.20122285288533392,0.7857142857142857,0.7589285714285714
1,learned-residual-pca,,1,0.20671004385424532,0.20129327682481188,0.17605801902175716,0.1482851256811759,0.12536562671696827,0.040985291748364974,0.1751176702519256,0.8353174603174603,0.7476190476190475
1,learned-residual-pca,,2,0.20671004385424532,0.20129327682481188,0.1642065415428011,0.20561895067573088,0.18424229495895106,0.038087658024691634,0.16371004700062605,0.8472222222222222,0.7482142857142856
1,learned-residual-pca,,4,0.20671004385424532,0.20129327682481188,0.13569323563383312,0.3435576080206695,0.325892857554658,0.031631723987258956,0.13745938309445904,0.8908730158730159,0.751984126984127
1,learned-residual-pca,,8,0.20671004385424532,0.20129327682481188,0.10638262201321658,0.48535339633410013,0.4715043458416014,0.024460770517141194,0.10943383882273532,0.9146825396825397,0.7779761904761905
1,learned-residual-pca,,16,0.20671004385424532,0.20129327682481188,0.08007528366769502,0.6126202569810424,0.6021959355483811,0.018397160080236,0.08272538514322665,0.9563492063492064,0.8253968253968254
1,learned-residual-pca,,32,0.20671004385424532,0.20129327682481188,0.059740785166831685,0.7109923443828599,0.7032151986932735,0.013589233251895264,0.06165003094020125,0.9801587301587301,0.8837301587301589
1,sign-randomized-pca,0,16,0.20671004385424532,0.20129327682481188,0.08971071632658406,0.5660069793713528,0.5543283027546894,0.02047918236973735,0.08806558504350165,0.9523809523809523,0.8125000000000001
1,sign-randomized-pca,1,16,0.20671004385424532,0.20129327682481188,0.09073559346976293,0.5610489370620902,0.549236840390197,0.020791764559379672,0.08865415637292838,0.9404761904761905,0.8140873015873016
1,sign-randomized-pca,2,16,0.20671004385424532,0.20129327682481188,0.09082851951516341,0.5605993892623422,0.5487751953374348,0.020849872782525338,0.08972652481555185,0.9444444444444444,0.8109126984126985
1,sign-randomized-pca,3,16,0.20671004385424532,0.20129327682481188,0.09013193006846378,0.5639692760550267,0.5522357651969333,0.020516839950101434,0.08766921547556655,0.9523809523809523,0.8113095238095238
1,temperature-token,,0,0.20671004385424532,0.20129327682481188,0.20129327682481188,0.026204662958965397,0.0,0.04634864550367321,0.19708107333424602,0.7876984126984127,0.7569444444444444
1,token-permuted-pca,0,16,0.20671004385424532,0.20129327682481188,0.12971848608147232,0.3724616198478533,0.35557467130723897,0.02981407483381924,0.1258933364029204,0.8809523809523809,0.7797619047619049
1,token-permuted-pca,1,16,0.20671004385424532,0.20129327682481188,0.12078713959808293,0.4156687437827068,0.39994449142379684,0.02810252551081473,0.12383074428693586,0.8948412698412699,0.7781746031746033
1,token-permuted-pca,2,16,0.20671004385424532,0.20129327682481188,0.12393918517894581,0.4004201108566482,0.38428552044084574,0.028831121475221187,0.12337551896427935,0.8888888888888888,0.7811507936507938
1,token-permuted-pca,3,16,0.20671004385424532,0.20129327682481188,0.1316056885906346,0.3633319110346087,0.34619928361952834,0.030263616058907258,0.12570386164959318,0.8908730158730159,0.7817460317460319
2,gaussian-random,0,1,0.20688369990381344,0.20714876891199055,0.18285630436342,0.11613962603899919,0.11727061993253485,0.041877421178811096,0.1856269308579477,0.7956349206349206,0.7640873015873016
2,gaussian-random,0,2,0.20688369990381344,0.20714876891199055,0.16989856495897868,0.1787725904072205,0.17982343872310458,0.038688378950276554,0.1720746096080631,0.8234126984126984,0.7613095238095238
2,gaussian-random,0,4,0.20688369990381344,0.20714876891199055,0.14770682783473993,0.2860393162756981,0.2869529053416928,0.03383409745167497,0.14925391437561183,0.8551587301587301,0.765873015873016
2,gaussian-random,0,8,0.20688369990381344,0.20714876891199055,0.12353191245380504,0.4028919991703609,0.4036560627290575,0.028357791667338844,0.12456100754524195,0.9067460317460317,0.7807539682539683
2,gaussian-random,0,16,0.20688369990381344,0.20714876891199055,0.0984484226110883,0.524136398097772,0.5247453164787322,0.022766267744738576,0.10084730527992287,0.9444444444444444,0.8200396825396825
2,gaussian-random,0,32,0.20688369990381344,0.20714876891199055,0.07562523429527572,0.6344553276529944,0.6349230811629591,0.017443455918663035,0.07854821608436487,0.9722222222222222,0.8837301587301589
2,gaussian-random,1,1,0.20688369990381344,0.20714876891199055,0.1875523917455776,0.09344046035150932,0.0946005002556336,0.042927285950753596,0.18586763218596336,0.7956349206349206,0.7672619047619047
2,gaussian-random,1,2,0.20688369990381344,0.20714876891199055,0.16997835791737403,0.1783869004836912,0.17943824233108896,0.038992572420428195,0.17165943371329337,0.8174603174603174,0.7674603174603175
2,gaussian-random,1,4,0.20688369990381344,0.20714876891199055,0.14900496465256663,0.2797645985554029,0.2806862167939167,0.034374685260354323,0.15244795785080217,0.8630952380952381,0.7630952380952382
2,gaussian-random,1,8,0.20688369990381344,0.20714876891199055,0.12338947340017922,0.4035804973637519,0.4043436799153626,0.02861353566901545,0.1271817477219928,0.8948412698412699,0.7793650793650794
2,gaussian-random,1,16,0.20688369990381344,0.20714876891199055,0.0971653458880445,0.5303383208381345,0.5309393031955393,0.022527549690908272,0.10033915044607564,0.9424603174603174,0.813888888888889
2,gaussian-random,1,32,0.20688369990381344,0.20714876891199055,0.07905468797302337,0.6178786051787633,0.6183675703783177,0.017515656915385407,0.07816741935927773,0.9682539682539683,0.8809523809523809
2,gaussian-random,2,1,0.20688369990381344,0.20714876891199055,0.18407620703383823,0.11024306352109481,0.11138160269711739,0.042415783779396074,0.18697513750910083,0.7956349206349206,0.7630952380952382
2,gaussian-random,2,2,0.20688369990381344,0.20714876891199055,0.1705254294400721,0.17574255719829746,0.17679728276578988,0.03923846888457925,0.17251672303208324,0.8154761904761905,0.7615079365079366
2,gaussian-random,2,4,0.20688369990381344,0.20714876891199055,0.15050746904278184,0.2725020428735693,0.2734329543289412,0.03476681033826664,0.15479679960418802,0.8531746031746031,0.7666666666666666
2,gaussian-random,2,8,0.20688369990381344,0.20714876891199055,0.1260796421335328,0.3905772074254711,0.3913570290774978,0.02891072967975732,0.12809264510878604,0.9047619047619048,0.7783730158730159
2,gaussian-random,2,16,0.20688369990381344,0.20714876891199055,0.09898346028982649,0.5215502220046967,0.522162449674607,0.02281606207723014,0.10108822928923453,0.9384920634920635,0.8206349206349207
2,gaussian-random,2,32,0.20688369990381344,0.20714876891199055,0.07500268060069805,0.6374645240994381,0.6379284270206609,0.017363192512804295,0.07786405847936628,0.9742063492063492,0.8811507936507937
2,gaussian-random,3,1,0.20688369990381344,0.20714876891199055,0.18490711173395805,0.1062267746568385,0.10737045310407867,0.0424187493549696,0.1837050428550424,0.7857142857142857,0.7650793650793651
2,gaussian-random,3,2,0.20688369990381344,0.20714876891199055,0.17268829127363955,0.16528807560031256,0.16635617879530784,0.03953097091603007,0.17138904577132474,0.8095238095238095,0.7613095238095238
2,gaussian-random,3,4,0.20688369990381344,0.20714876891199055,0.1544751393366651,0.2533237784876947,0.25427923058381496,0.035510857314095416,0.15509071361855864,0.8373015873015873,0.7625000000000001
2,gaussian-random,3,8,0.20688369990381344,0.20714876891199055,0.12262840867286033,0.407259205389917,0.4080176806411031,0.02821851686546847,0.12558477775149482,0.8968253968253969,0.777579365079365
2,gaussian-random,3,16,0.20688369990381344,0.20714876891199055,0.09749891976601709,0.5287259469385586,0.5293289925008409,0.022530940105239962,0.10020211969659197,0.9444444444444444,0.8182539682539683
2,gaussian-random,3,32,0.20688369990381344,0.20714876891199055,0.07484256438950358,0.6382384671953365,0.6387013797735805,0.01729932178713973,0.07769932616707607,0.9702380952380952,0.876984126984127
2,identity,,0,0.20688369990381344,0.20714876891199055,0.20688369990381344,0.0,0.001279606968312308,0.04776320985448323,0.20661873656823754,0.7400793650793651,0.7742063492063493
2,learned-residual-pca,,1,0.20688369990381344,0.20714876891199055,0.18721325453197216,0.09507972537704368,0.09623766766621822,0.042509713098692926,0.1854010043109141,0.7916666666666666,0.7696428571428571
2,learned-residual-pca,,2,0.20688369990381344,0.20714876891199055,0.16625572622712567,0.19638073804546685,0.19740905485293392,0.03793112353129632,0.16751505846138337,0.8134920634920635,0.7720238095238096
2,learned-residual-pca,,4,0.20688369990381344,0.20714876891199055,0.15027201009044416,0.2736401651734274,0.27456962027957366,0.03456715311385511,0.15183945246614325,0.8571428571428571,0.7746031746031746
2,learned-residual-pca,,8,0.20688369990381344,0.20714876891199055,0.11762920007821603,0.4314235479503439,0.4321511023404049,0.026970971194656558,0.12111271317289964,0.8888888888888888,0.7900793650793652
2,learned-residual-pca,,16,0.20688369990381344,0.20714876891199055,0.0933393434874628,0.5488318145370606,0.5494091324910598,0.021452561297105863,0.09732488864708508,0.9285714285714286,0.8293650793650794
2,learned-residual-pca,,32,0.20688369990381344,0.20714876891199055,0.0739355985640492,0.6426224076695065,0.6430797105269712,0.016359074758227628,0.07486050235829037,0.9623015873015873,0.8819444444444445
2,sign-randomized-pca,0,16,0.20688369990381344,0.20714876891199055,0.106047439773129,0.4874055335319617,0.4880614529831725,0.02407110265082903,0.10228056549661318,0.9305555555555556,0.8232142857142857
2,sign-randomized-pca,1,16,0.20688369990381344,0.20714876891199055,0.10413583615377323,0.49664552498727954,0.497289620881037,0.023703812970060446,0.10102900193033917,0.9325396825396826,0.8234126984126985
2,sign-randomized-pca,2,16,0.20688369990381344,0.20714876891199055,0.1061658983691966,0.48683294808360267,0.4874896002191432,0.024259693755364478,0.1029455301397287,0.9265873015873016,0.8186507936507937
2,sign-randomized-pca,3,16,0.20688369990381344,0.20714876891199055,0.10297224467233014,0.5022698998509545,0.5029067987554441,0.023505106939533314,0.1011545200398711,0.9265873015873016,0.8269841269841272
2,temperature-token,,0,0.20688369990381344,0.20714876891199055,0.20714876891199055,-0.001281246460210994,0.0,0.04731896624880196,0.2054327056458901,0.75,0.773015873015873
2,token-permuted-pca,0,16,0.20688369990381344,0.20714876891199055,0.14433000242025512,0.3023616530091131,0.3032543558992845,0.03309747423826444,0.1428683337435478,0.873015873015873,0.791468253968254
2,token-permuted-pca,1,16,0.20688369990381344,0.20714876891199055,0.148235296000515,0.28348489480111716,0.28440175252263067,0.03355522640437123,0.14593937310904395,0.8432539682539683,0.795436507936508
2,token-permuted-pca,2,16,0.20688369990381344,0.20714876891199055,0.14563993176013554,0.2960299345581696,0.2969307395593923,0.03325782027485112,0.14324574282049346,0.8511904761904762,0.7938492063492064
2,token-permuted-pca,3,16,0.20688369990381344,0.20714876891199055,0.14179133695738008,0.31463263165100386,0.3155096325113972,0.03262661358874758,0.14056678274343495,0.8591269841269841,0.7932539682539683
3,gaussian-random,0,1,0.2313405713328227,0.2320516067184085,0.2100237126664558,0.09214492098620686,0.09492670343232412,0.04796216431497024,0.20412972146143277,0.8055555555555556,0.7444444444444446
3,gaussian-random,0,2,0.2313405713328227,0.2320516067184085,0.1933967807173736,0.1640170178401631,0.16657857511817187,0.04393691857230318,0.187993042206762,0.8214285714285714,0.7426587301587302
3,gaussian-random,0,4,0.2313405713328227,0.2320516067184085,0.17165275502860725,0.2580084243776869,0.26028198013338666,0.038927027260435856,0.16565276981293386,0.873015873015873,0.7492063492063492
3,gaussian-random,0,8,0.2313405713328227,0.2320516067184085,0.14487486695115706,0.3737593621538612,0.37567824243957615,0.03274844878570498,0.14001333847811495,0.9186507936507936,0.7640873015873016
3,gaussian-random,0,16,0.2313405713328227,0.2320516067184085,0.11594307929462305,0.49882081371788767,0.50035648994528,0.026305276597440648,0.11288773272891334,0.9424603174603174,0.8051587301587303
3,gaussian-random,0,32,0.2313405713328227,0.2320516067184085,0.08765763536046933,0.6210883596619162,0.622249392710128,0.019932884019584724,0.08686843425622323,0.9722222222222222,0.8708333333333335
3,gaussian-random,1,1,0.2313405713328227,0.2320516067184085,0.2102107956763743,0.0913362301074706,0.0941204904844194,0.04779538538565362,0.20536288201956973,0.8214285714285714,0.7432539682539683
3,gaussian-random,1,2,0.2313405713328227,0.2320516067184085,0.19480458113052207,0.15793161567729253,0.16051181939492098,0.04422910109434278,0.19033556142721045,0.8531746031746031,0.7382936507936508
3,gaussian-random,1,4,0.2313405713328227,0.2320516067184085,0.17246693269257005,0.25448903450468674,0.256773374114766,0.03901571250521414,0.16688189130868988,0.875,0.7418650793650793
3,gaussian-random,1,8,0.2313405713328227,0.2320516067184085,0.14368107927056326,0.37891966617539985,0.3808227346388585,0.0324079761468482,0.13936842796565357,0.9246031746031746,0.7613095238095239
3,gaussian-random,1,16,0.2313405713328227,0.2320516067184085,0.11541758411511895,0.5010923356410704,0.5026210516388424,0.02602349842687197,0.11167692566337868,0.9523809523809523,0.8075396825396827
3,gaussian-random,1,32,0.2313405713328227,0.2320516067184085,0.088364848679022,0.6180313372188653,0.6192017373693449,0.019993145476509728,0.08715929590392442,0.9642857142857143,0.871825396825397
3,gaussian-random,2,1,0.2313405713328227,0.2320516067184085,0.21382914195842728,0.07569545313001869,0.07852763881998859,0.048337770196798927,0.20339812970721408,0.8134920634920635,0.7456349206349208
3,gaussian-random,2,2,0.2313405713328227,0.2320516067184085,0.19871723013416853,0.14101867653693978,0.14365070363288102,0.04476398857904456,0.18795897748043444,0.8412698412698413,0.7406746031746033
3,gaussian-random,2,4,0.2313405713328227,0.2320516067184085,0.17169434940450795,0.2578286272255442,0.26010273390239125,0.03844451524795953,0.16304108576078272,0.8809523809523809,0.7440476190476191
3,gaussian-random,2,8,0.2313405713328227,0.2320516067184085,0.14484803991615627,0.3738753255356676,0.3757938504949573,0.032549081632859085,0.13850606070436375,0.9246031746031746,0.7579365079365079
3,gaussian-random,2,16,0.2313405713328227,0.2320516067184085,0.11643436688379086,0.49669715859618824,0.49823934197067465,0.026179300894069148,0.1122287950481518,0.9543650793650794,0.7984126984126985
3,gaussian-random,2,32,0.2313405713328227,0.2320516067184085,0.08925577218321538,0.6141802033729493,0.6153624038831755,0.02025251967971896,0.08772186543493689,0.9722222222222222,0.8708333333333333
3,gaussian-random,3,1,0.2313405713328227,0.2320516067184085,0.21161802478391523,0.08525329748811439,0.08805619673769005,0.04799683788084469,0.20472889676907377,0.8174603174603174,0.7412698412698413
3,gaussian-random,3,2,0.2313405713328227,0.2320516067184085,0.19553755065539477,0.1547632586500325,0.15735317061313447,0.044343185756051666,0.18782704689844404,0.8373015873015873,0.7442460317460318
3,gaussian-random,3,4,0.2313405713328227,0.2320516067184085,0.1729493190901087,0.2524038559527385,0.25469458481285,0.03910122846842525,0.16657704013544,0.871031746031746,0.7466269841269842
3,gaussian-random,3,8,0.2313405713328227,0.2320516067184085,0.14671244903124506,0.3658161722952855,0.3677593915163938,0.03326056453849587,0.14091995213447006,0.9146825396825397,0.7636904761904761
3,gaussian-random,3,16,0.2313405713328227,0.2320516067184085,0.11738829863410345,0.4925736633319694,0.4941284816159339,0.0266160622929956,0.11360381169704246,0.9424603174603174,0.8059523809523811
3,gaussian-random,3,32,0.2313405713328227,0.2320516067184085,0.08807773635720396,0.6192724179344695,0.6204390152571315,0.02000453867840187,0.08695478002005173,0.9722222222222222,0.8672619047619048
3,identity,,0,0.2313405713328227,0.2320516067184085,0.2313405713328227,0.0,0.003064126103848208,0.05307770140217575,0.22524132622460416,0.7757936507936508,0.7476190476190476
3,learned-residual-pca,,1,0.2313405713328227,0.2320516067184085,0.2125878494481542,0.08106110301633829,0.0838768476784274,0.04805593175174573,0.20559427163844415,0.8075396825396826,0.7513888888888889
3,learned-residual-pca,,2,0.2313405713328227,0.2320516067184085,0.19373523350526858,0.16255401121774038,0.16512005133253105,0.04340461079315727,0.1875974145224213,0.8253968253968254,0.7543650793650795
3,learned-residual-pca,,4,0.2313405713328227,0.2320516067184085,0.16986440195031172,0.26573881541109834,0.2679886842738396,0.038048025574335106,0.16533278890358535,0.8630952380952381,0.755357142857143
3,learned-residual-pca,,8,0.2313405713328227,0.2320516067184085,0.1412285360196662,0.38952110645354565,0.39139169076710967,0.03182954557249971,0.1407050038689861,0.8888888888888888,0.768452380952381
3,learned-residual-pca,,16,0.2313405713328227,0.2320516067184085,0.1087615393974886,0.5298639630269752,0.531304519130224,0.024525567890389212,0.10959665524791877,0.9404761904761905,0.8128968253968255
3,learned-residual-pca,,32,0.2313405713328227,0.2320516067184085,0.08145902620253978,0.6478826617690542,0.6489615936967452,0.018342822687651885,0.08297698645426531,0.9702380952380952,0.8686507936507938
3,sign-randomized-pca,0,16,0.2313405713328227,0.2320516067184085,0.12289093721324292,0.4687877854488246,0.47041548666211386,0.027689281070620474,0.11777926775383576,0.9365079365079365,0.8025793650793652
3,sign-randomized-pca,1,16,0.2313405713328227,0.2320516067184085,0.1230030030378403,0.46830336620514523,0.4699325517400843,0.027754733856324997,0.11709248209361672,0.9285714285714286,0.8
3,sign-randomized-pca,2,16,0.2313405713328227,0.2320516067184085,0.12163371926981112,0.4742222751113536,0.47583332436300685,0.027411941718928353,0.11571786663984206,0.9365079365079365,0.8033730158730159
3,sign-randomized-pca,3,16,0.2313405713328227,0.2320516067184085,0.12197856277444959,0.47273164377655696,0.4743472605105944,0.027494276983338596,0.11647823919841979,0.9365079365079365,0.8009920634920635
3,temperature-token,,0,0.2313405713328227,0.2320516067184085,0.2320516067184085,-0.0030735438297282425,0.0,0.0527001335167186,0.2232109441442628,0.7857142857142857,0.7529761904761905
3,token-permuted-pca,0,16,0.2313405713328227,0.2320516067184085,0.1589866716376123,0.3127592331874941,0.31486502556071294,0.035884839084365946,0.15268833799640613,0.8571428571428571,0.7781746031746032
3,token-permuted-pca,1,16,0.2313405713328227,0.2320516067184085,0.16011226811071502,0.30789369461543203,0.31001439561239885,0.03595850647036283,0.15174162356136328,0.8690476190476191,0.7732142857142859
3,token-permuted-pca,2,16,0.2313405713328227,0.2320516067184085,0.16244139076989972,0.2978257560529658,0.2999773064832938,0.03625016520369792,0.15276648384542416,0.8630952380952381,0.7801587301587303
3,token-permuted-pca,3,16,0.2313405713328227,0.2320516067184085,0.1568265516748226,0.32209663540079636,0.3241738167961513,0.03538286236804119,0.15052962956076896,0.8611111111111112,0.7751984126984128
