document,chunk,positions,baseline_js,corrected_js,js_reduction,baseline_tv,corrected_tv
code-lab,0,63,0.1014575952486623,0.10027697861992887,0.0011806166287334219,0.29256580770015717,0.2890077656696713
code-lab,1,63,0.05336988669735128,0.052439362198735275,0.0009305244986160047,0.16355832867206088,0.16093432181884373
code-lab,2,63,0.044323952933256,0.04431783195422401,6.120979031992713e-06,0.11644300898270947,0.11475993453391961
code-lab,3,63,0.07165629119198355,0.07013855410355424,0.0015177370884293107,0.1798170658331069,0.17533256763976718
code-lab,4,63,0.06246458023919591,0.062350336137035535,0.00011424410216037684,0.1678252693797861,0.16599879260101016
code-lab,5,63,0.04678629867969051,0.04671928768474904,6.701099494146878e-05,0.1370115970808362,0.13605525563397106
code-lab,6,63,0.04485508624375576,0.04425050124585155,0.0006045849979042089,0.14762376621365547,0.14594896152497283
code-lab,7,63,0.033805565298756675,0.03336951895690863,0.00043604634184804536,0.1168930951860689,0.1138227346634108
code-lab,8,63,0.04686975401515762,0.04632585903718358,0.0005438949779740382,0.14323228284243553,0.1405638757915724
code-lab,9,63,0.040694828311513574,0.04167044853157778,-0.0009756202200642064,0.13999011929309557,0.1405925757236897
code-lab,10,63,0.044846084920988814,0.04352740054055753,0.0013186843804312842,0.15966903882485534,0.15610511855237066
code-lab,11,63,0.0471607407274109,0.0458837328183036,0.0012770079091073,0.16016936775237794,0.15751324783241938
code-lab,12,63,0.06344956795533468,0.06327241944843932,0.000177148506895361,0.2065822221338749,0.20669571600026554
code-lab,13,63,0.057120575765443465,0.05577163917145559,0.0013489365939878747,0.1673807360172745,0.16406751057458302
code-lab,14,63,0.03283976181410253,0.03161218604497937,0.0012275757691231626,0.11322433625658353,0.109361456263633
code-lab,15,63,0.03846497453069166,0.038507169748227744,-4.219521753608124e-05,0.12124860271929748,0.11987630144826003
code-lab,16,63,0.04528443006769059,0.04397875930566991,0.0013056707620206776,0.14073413994813722,0.1362184468686344
code-lab,17,63,0.03658533162282159,0.034456319231096474,0.002129012391725117,0.1295601093757247,0.1252113628009009
code-lab,18,63,0.05408964538207603,0.053684905641675294,0.00040473974040073496,0.16984554229392892,0.16536365912133266
code-lab,19,63,0.04809160564105869,0.04859835191053294,-0.0005067462694742508,0.16433967162101043,0.1650289102708773
code-lab,20,63,0.030828172721648738,0.030276248471983264,0.0005519242496654746,0.10748389593902088,0.1046800088019125
code-lab,21,63,0.04940398569571756,0.04848449197523887,0.000919493720478684,0.1614251591797386,0.1593771434965588
code-lab,22,63,0.05275311247659995,0.051790084168758424,0.0009630283078415278,0.16074509209110624,0.15869282332382031
code-lab,23,63,0.03916489623952657,0.038467840171910614,0.000697056067615956,0.12523977677263912,0.12474998190171188
code-lab,24,63,0.03469503616788498,0.03377671365654221,0.0009183225113427729,0.10982404528037897,0.10715903560557062
code-lab,25,63,0.05592692115284976,0.05829689312090595,-0.0023699719680561893,0.19001884453944742,0.1916006233484026
code-lab,26,63,0.06607407874368604,0.06683150518848191,-0.0007574264447958723,0.19085782515032898,0.19082656097672288
code-lab,27,63,0.056685993928344,0.057476603529519506,-0.0007906096011755029,0.1793302387176525,0.178014130168964
code-lab,28,63,0.05356977746954986,0.05304149501690907,0.0005282824526407909,0.18270812023963248,0.1810392253987846
code-lab,29,63,0.029184094977579893,0.028255939598210038,0.0009281553793698549,0.08412600931016699,0.08155261055522021
code-lab,30,63,0.04754873203660642,0.048051704567605776,-0.000502972530999353,0.1596453178023535,0.16066128685183467
code-lab,31,63,0.049875961742289955,0.04876083652636716,0.001115125215922795,0.15051268088439154,0.1467615979767981
real-logits,0,63,0.04530652899975105,0.044214970433145824,0.0010915585666052274,0.14266887419517077,0.13938371508958794
real-logits,1,63,0.05026613539528279,0.051506437130257605,-0.0012403017349748163,0.14759607522911022,0.14645294105959317
real-logits,2,63,0.046467886546567555,0.04615415609072125,0.0003137304558463033,0.14958208648576624,0.14792308625247744
real-logits,3,63,0.04593430737787414,0.04570546751427981,0.0002288398635943295,0.14976762127249488,0.14810706438526275
real-logits,4,63,0.07223802143412214,0.07247608629543156,-0.00023806486130942273,0.2083641573313683,0.2059895513904473
real-logits,5,63,0.05768398950172086,0.05697071863179435,0.0007132708699265078,0.18954978019945204,0.1884254559371916
real-logits,6,63,0.03782855782155243,0.037289713213722854,0.000538844607829575,0.12585751735974873,0.12331069107093508
real-logits,7,63,0.032467382897194176,0.033390485219627855,-0.000923102322433679,0.10102092760008952,0.10263723229605054
real-logits,8,63,0.04548968351261306,0.0450050971648168,0.0004845863477962592,0.126139241699425,0.1242023574277049
real-logits,9,63,0.03987762894821427,0.04060861703363203,-0.0007309880854177581,0.13488240812032942,0.1352261853005205
real-logits,10,63,0.03570602641354079,0.03370093970396926,0.0020050867095715297,0.11432134023024923,0.1099082599320109
real-logits,11,63,0.032337003130657925,0.031232986484639465,0.0011040166460184603,0.1025234947188033,0.09814896200975728
real-logits,12,63,0.06470147223906621,0.06257054531976344,0.002130926919302764,0.16727291615236373,0.161071380629899
real-logits,13,63,0.03357986289830435,0.031879118314781595,0.001700744583522755,0.10940808867887845,0.10442870645414269
real-logits,14,63,0.06317876597186403,0.06349029196130615,-0.0003115259894421185,0.18472781777381897,0.18430996579783304
real-logits,15,63,0.063446948604819,0.06145647578939263,0.0019904728154263723,0.15995320603842772,0.15499175611942534
real-logits,16,63,0.038155941440472525,0.038177748269859764,-2.1806829387238658e-05,0.11956798530642003,0.1187307530393203
real-logits,17,63,0.04624380370868104,0.04708165456430011,-0.0008378508556190697,0.15019072196076785,0.14828747227078393
real-logits,18,63,0.04340194181783036,0.04221645421958307,0.001185487598247291,0.14642479371220346,0.14238844131903042
real-logits,19,63,0.06727546435366902,0.0673330408513605,-5.757649769148887e-05,0.19277994767836634,0.19082398765853473
real-logits,20,63,0.03936829052621588,0.03711188795222413,0.0022564025739917476,0.14321542009415608,0.13704996936703248
real-logits,21,63,0.045048978508612704,0.0449600206828484,8.895782576430478e-05,0.1612409825421988,0.15845940430604277
real-logits,22,63,0.032654089228590095,0.03280970761700282,-0.00015561838841272185,0.13171263376162165,0.13112057236925004
real-logits,23,63,0.04270042059388721,0.04215284875254073,0.0005475718413464822,0.13323302525613043,0.1289913414844445
real-logits,24,63,0.039565891171583815,0.03978733037273207,-0.00022143920114825466,0.1428880277311518,0.141633578797891
real-logits,25,63,0.06015816490426438,0.05807698655703534,0.00208117834722904,0.1885601490410784,0.1826341509789465
real-logits,26,63,0.06134061642464191,0.059613036608280955,0.001727579816360958,0.19189855681052284,0.18827305411890385
real-logits,27,63,0.037512208804458616,0.03725061335763524,0.0002615954468233733,0.1202599953061768,0.11807106562431842
real-logits,28,63,0.05421679744881297,0.05353594897314906,0.0006808484756639088,0.17913141512563305,0.17747450135056936
real-logits,29,63,0.03830840762719394,0.03742058883746347,0.0008878187897304671,0.12820183799143822,0.12687949590858014
real-logits,30,63,0.05664994587127622,0.05759540488499971,-0.0009454590137234903,0.17224891853356172,0.173332823233472
real-logits,31,63,0.060899087538321815,0.05981372046609602,0.0010853670722257985,0.19398307371588927,0.19081001756860624
low-rank-controls,0,63,0.0604132530944688,0.058586991284900004,0.0018262618095687966,0.21266317876085403,0.2082995135810167
low-rank-controls,1,63,0.041831542362665966,0.04096482853896709,0.0008667138236988781,0.1338837401024879,0.1314404234585781
low-rank-controls,2,63,0.06853233984050651,0.06571025884754601,0.002822080992960496,0.19577459494272867,0.18974940526107
low-rank-controls,3,63,0.04709054983409476,0.04544304805393848,0.0016475017801562825,0.1667170057161933,0.16340720502748377
low-rank-controls,4,63,0.0363186599080643,0.035685187823320225,0.0006334720847440758,0.13043122076325947,0.1287884101168149
low-rank-controls,5,63,0.055179712170409775,0.05427912546927848,0.0009005867011312937,0.15896871588414624,0.1553816958847973
low-rank-controls,6,63,0.04562223954717555,0.04447646442401622,0.0011457751231593316,0.16694810291722653,0.16333643361807815
low-rank-controls,7,63,0.008152710646668095,0.007992746965360962,0.00015996368130713305,0.028665617736618198,0.027608405621278854
low-rank-controls,8,63,0.04744423296864307,0.04735488390609149,8.934906255158442e-05,0.15835833274537608,0.15789371965423463
low-rank-controls,9,63,0.05714869954889374,0.056331640634212705,0.0008170589146810348,0.16079269036177604,0.1588315860856147
low-rank-controls,10,63,0.04800717506025519,0.04741347608438763,0.000593698975867557,0.16035539577049868,0.15746739527417553
low-rank-controls,11,63,0.05583480177151542,0.05377518333539012,0.0020596184361252948,0.18364173812525614,0.17856889428009118
low-rank-controls,12,63,0.04987294043946479,0.04974433751259413,0.0001286029268706551,0.16281787971300737,0.15982111232976118
low-rank-controls,13,63,0.04980309855004418,0.049365485545306925,0.0004376130047372556,0.1616047699122675,0.16040605333234584
low-rank-controls,14,63,0.032101105354423266,0.032392849177417776,-0.0002917438229945099,0.11460361396154714,0.11504937554635698
low-rank-controls,15,63,0.05194568104805455,0.05074434865003688,0.0012013323980176668,0.18428475137740846,0.18158941786913646
low-rank-controls,16,63,0.047014013666378716,0.04598234220969653,0.001031671456682183,0.15998497971939662,0.15737261883323156
low-rank-controls,17,63,0.053420466928935005,0.05302157543141336,0.0003988914975216473,0.1460053121878041,0.1441017741130458
low-rank-controls,18,63,0.020077306269076726,0.020143764692225626,-6.645842314889974e-05,0.06967003696731158,0.06974349531625944
low-rank-controls,19,63,0.027900788929342987,0.02780192804020194,9.886088914104821e-05,0.09806628038899766,0.09493734174600196
low-rank-controls,20,63,0.08090686495785439,0.08099947390811783,-9.260895026344529e-05,0.2398818169557859,0.2385361786517832
low-rank-controls,21,63,0.06356998045174848,0.06194021183228682,0.0016297686194616662,0.1731998539633221,0.17090699688664504
low-rank-controls,22,63,0.04750509808276085,0.04474877845865512,0.0027563196241057325,0.14423541074234342,0.13733366504311562
low-rank-controls,23,63,0.0570280474928459,0.05688609001374552,0.00014195747910038248,0.17825586209812808,0.1757389809344969
low-rank-controls,24,63,0.054582621939184645,0.05397811540890308,0.0006045065302815664,0.16213934555176704,0.16021727451256343
low-rank-controls,25,63,0.03333841062091764,0.032404920580567764,0.0009334900403498783,0.10311179986548802,0.10043022562823599
low-rank-controls,26,63,0.020555616208603456,0.019767353206697452,0.000788263001906004,0.07807706946891452,0.0760040632670834
low-rank-controls,27,63,0.050666344130323046,0.04961580785346173,0.0010505362768613163,0.13839417418080663,0.13478884548835812
low-rank-controls,28,63,0.04250569195516171,0.042155950455852444,0.0003497414993092682,0.1372180860193949,0.13503169664551343
low-rank-controls,29,63,0.07863409109117966,0.07952067696504177,-0.000886585873862103,0.22092716064718035,0.22032427447774108
low-rank-controls,30,63,0.06508458165511016,0.06388894368761353,0.0011956379674966378,0.2061359276255918,0.2025901735538528
low-rank-controls,31,63,0.050723882968119895,0.04940055556122273,0.0013233274068971679,0.16150902300363496,0.15790838031246077
gap-calibration,0,63,0.023395040876320786,0.023299548122662283,9.549275365850277e-05,0.09428066993871378,0.09375713586748119
gap-calibration,1,63,0.05091747806392728,0.050316499634867624,0.0006009784290596579,0.15220473198190568,0.1483495676564792
gap-calibration,2,63,0.05182690684136654,0.051330510124061555,0.0004963967173049824,0.14805579643755679,0.145653562502019
gap-calibration,3,63,0.045671994387659995,0.043291647600228085,0.00238034678743191,0.13881501910232363,0.13314060044903603
gap-calibration,4,63,0.03759484764720712,0.03683514553048308,0.0007597021167240411,0.11002254536345837,0.108422121535691
gap-calibration,5,63,0.036125435612149655,0.03593169238477472,0.00019374322737493455,0.11187100794816775,0.11052512167583382
gap-calibration,6,63,0.027182567051597058,0.026771350305468317,0.0004112167461287411,0.0947431390365911,0.09218574681925396
gap-calibration,7,63,0.03722216828267962,0.035416115171438646,0.0018060531112409767,0.1386763464718584,0.13416306899180488
gap-calibration,8,63,0.06286857074998792,0.06214455488537039,0.0007240158646175249,0.20448013968647472,0.2026178396292149
gap-calibration,9,63,0.05476192896816111,0.05384682211193389,0.0009151068562272199,0.16423026102757643,0.16031764081073185
gap-calibration,10,63,0.04187054931978872,0.040479228288556136,0.0013913210312325869,0.14481366833760626,0.1415766074603039
gap-calibration,11,63,0.054737314829715555,0.0521448761435403,0.002592438686175258,0.17029890938410683,0.16089294389599845
gap-calibration,12,63,0.0359586225149181,0.03543986283087482,0.000518759684043274,0.13810574612210666,0.1378407408852899
gap-calibration,13,63,0.053616686613254604,0.052884090142989795,0.0007325964702648083,0.1723792173323177,0.16923959334454838
gap-calibration,14,63,0.050303823512328406,0.048873396705612464,0.0014304268067159426,0.16344718714909895,0.16013890087959312
gap-calibration,15,63,0.055829367689078764,0.05335041230529665,0.002478955383782115,0.17582227742033346,0.17184002188936112
gap-calibration,16,63,0.05930142142252797,0.05810129942579402,0.0012001219967339508,0.15969386690902332,0.1560205388518553
gap-calibration,17,63,0.07196602644768381,0.06907068093913415,0.0028953455085496543,0.2056713898385328,0.19664850216063243
gap-calibration,18,63,0.059079821679800276,0.05956453587379425,-0.00048471419399397087,0.18940201738760584,0.18875146462094217
gap-calibration,19,63,0.037462293155609616,0.03533947911660468,0.002122814039004939,0.14956442367226358,0.144343656768638
gap-calibration,20,63,0.04412197035646155,0.04274194797876084,0.0013800223777007126,0.17017799695687635,0.1676179219687742
gap-calibration,21,63,0.05111918924745941,0.050910202948938284,0.00020898629852112577,0.14783328205406193,0.14612971896690036
gap-calibration,22,63,0.040296018286238584,0.039270153779181693,0.0010258645070568909,0.1334642687487224,0.13073603182084978
gap-calibration,23,63,0.028707912376534844,0.028639369082474518,6.854329406032547e-05,0.0847893167464506,0.08430347621204361
gap-calibration,24,63,0.04792867049099951,0.04826000833233434,-0.0003313378413348292,0.16434994588295618,0.1632413844622317
gap-calibration,25,63,0.06203917308252246,0.060700112754212956,0.0013390603283095007,0.1862247015334784,0.18135332812865576
gap-calibration,26,63,0.039480626590490814,0.039322905242443085,0.00015772134804772908,0.12615062379174763,0.1256082406829274
gap-calibration,27,63,0.03487458289231336,0.03371827091674306,0.0011563119755703052,0.1336354734228244,0.1294024639304668
gap-calibration,28,63,0.060333552323133935,0.05964621027288515,0.0006873420502487848,0.190645149598519,0.18688597648389757
gap-calibration,29,63,0.06248668886883746,0.0622255897707498,0.0002610990980876568,0.2071100165919652,0.20756350395580134
gap-calibration,30,63,0.0492028332507563,0.04645057185183442,0.0027522613989218805,0.15219077107215684,0.1476154617728695
gap-calibration,31,63,0.07308119517706689,0.07583230831438587,-0.002751113137318975,0.20029610008119592,0.20338621880445215
hidden-adapter,0,63,0.054063898060352555,0.05203623686813646,0.0020276611922160973,0.19254647112554973,0.18702984743175052
hidden-adapter,1,63,0.0650241393448105,0.06519340629142428,-0.0001692669466137886,0.18343309230274624,0.18104867004449404
hidden-adapter,2,63,0.04081963664216418,0.03821333676820532,0.002606299873958863,0.13154582534399298,0.12446851398618448
hidden-adapter,3,63,0.05778269733243164,0.05887467613709824,-0.0010919788046666046,0.19409737484677445,0.19398452761390853
hidden-adapter,4,63,0.05424686711991117,0.05238474300038808,0.0018621241195230856,0.16995033645440663,0.1648862562955372
hidden-adapter,5,63,0.02503073026887178,0.023946933642340202,0.001083796626531578,0.08643082059210255,0.0827214074217611
hidden-adapter,6,63,0.031974002875993765,0.030607057892854162,0.0013669449831396029,0.09926428666545285,0.095217070675322
hidden-adapter,7,63,0.03964017751988851,0.040685749871449337,-0.0010455723515608237,0.13299171082557193,0.13190368409194644
hidden-adapter,8,63,0.031718579074737456,0.03020942974503019,0.0015091493297072663,0.10593113995024137,0.10026621723931933
hidden-adapter,9,63,0.04943600257060358,0.048924530869246356,0.0005114717013572218,0.16166786234530192,0.1585778705184422
hidden-adapter,10,63,0.04566370200602308,0.04646206122734362,-0.0007983592213205437,0.14996731402500282,0.15028540902431048
hidden-adapter,11,63,0.07682123708553494,0.07680176369224985,1.9473393285091012e-05,0.21892468737704412,0.2182727622843924
hidden-adapter,12,63,0.053991482249416765,0.05246227920528442,0.0015292030441323434,0.1820817625238782,0.17761061287352017
hidden-adapter,13,63,0.051986448381776136,0.053251801356617806,-0.00126535297484167,0.17828902513498351,0.17877525614485854
hidden-adapter,14,63,0.06578465014518727,0.06572158213719607,6.30680079911905e-05,0.21174818034919482,0.2068468781099433
hidden-adapter,15,63,0.040581052638738166,0.04089104894286258,-0.00030999630412441304,0.13789729572950848,0.1356648477533507
hidden-adapter,16,63,0.02612858254551178,0.024991107498487784,0.0011374750470239947,0.0893211058296618,0.08738109070275511
hidden-adapter,17,63,0.05083548804996387,0.05095180682699373,-0.00011631877702986126,0.148300237066689,0.1470611887496142
hidden-adapter,18,63,0.05490162976766153,0.05326297439058267,0.001638655377078864,0.19494589566001816,0.189193591150263
hidden-adapter,19,63,0.04598568687363276,0.04591808173831345,6.760513531930967e-05,0.13031882724709928,0.12898781061882064
hidden-adapter,20,63,0.03606340648917784,0.035952820651425375,0.00011058583775246794,0.12191219315938061,0.1204485905962804
hidden-adapter,21,63,0.04620292939482227,0.04579107513067327,0.0004118542641489975,0.15807927133781569,0.15640795644786623
hidden-adapter,22,63,0.029612276066530732,0.029010222446809095,0.0006020536197216368,0.10329317595691435,0.1026101213776403
hidden-adapter,23,63,0.06170600757237509,0.06015105473823727,0.0015549528341378197,0.18527011731491674,0.18327299796695273
hidden-adapter,24,63,0.07476014960261565,0.07365437121927879,0.001105778383336864,0.24137109098216844,0.23578362560106647
hidden-adapter,25,63,0.03949409433537059,0.03736650777448501,0.002127586560885582,0.1339541763835956,0.1295553024503447
hidden-adapter,26,63,0.03203572578994291,0.030554081324399227,0.0014816444655436842,0.11692088800999853,0.11402317455836705
hidden-adapter,27,63,0.04245674453808793,0.04231211656357147,0.00014462797451646192,0.1395121899743875,0.13706459130884874
hidden-adapter,28,63,0.05874133571272805,0.05700171499010471,0.0017396207226233404,0.1724413415150983,0.16879711867797942
hidden-adapter,29,63,0.024792797589999815,0.02454266187989907,0.0002501357101007441,0.08327467192614836,0.08335053196383847
hidden-adapter,30,63,0.03965671529756889,0.03811773073874296,0.0015389845588259302,0.10884606400652537,0.10481639638070077
hidden-adapter,31,63,0.06443397866262655,0.06746174140541356,-0.003027762742787002,0.18210300983535865,0.18439651079594144
stdlib-argparse,0,63,0.14462207709365185,0.14303221606782504,0.0015898610258268109,0.32960530808047644,0.3262293523266202
stdlib-argparse,1,63,0.04986744867785582,0.048094363779657416,0.0017730848981984057,0.16511786146651183,0.16022305781879123
stdlib-argparse,2,63,0.07678962136722273,0.07571511711954834,0.001074504247674385,0.23157055421717584,0.22883527616541538
stdlib-argparse,3,63,0.07391260058382555,0.07411776048441727,-0.00020515990059172262,0.19645188467961455,0.1952644433412287
stdlib-argparse,4,63,0.06812894114987031,0.06735856889835781,0.0007703722515124967,0.2020522290397258,0.19960989927252135
stdlib-argparse,5,63,0.07002530810201452,0.06817531056835183,0.0018499975336626895,0.14910819393301766,0.145015270611833
stdlib-argparse,6,63,0.05478544473012407,0.05397397419437766,0.0008114705357464072,0.17000365830839625,0.1666551905846785
stdlib-argparse,7,63,0.04578735061832482,0.046057223279531746,-0.0002698726612069269,0.14777575134639703,0.14611928907060434
stdlib-argparse,8,63,0.02835674280308128,0.027529852475882285,0.0008268903271989939,0.09101297180094416,0.08965138690398326
stdlib-argparse,9,63,0.046694860084071046,0.04718182035647924,-0.0004869602724081948,0.15881278763510406,0.15946329518088273
stdlib-argparse,10,63,0.049098647598709376,0.04910552715291343,-6.8795542040520075e-06,0.13055510079813382,0.13008490654211197
stdlib-argparse,11,63,0.0905977533723686,0.08941878028221369,0.0011789730901549111,0.2324029714578674,0.22819909754963147
stdlib-argparse,12,63,0.04201335734539917,0.04105970028617848,0.0009536570592206875,0.11709204830584072,0.1139615380929576
stdlib-argparse,13,63,0.04401604960569077,0.04317091595721505,0.0008451336484757224,0.14243092240085678,0.13879755902148427
stdlib-argparse,14,63,0.03405788394859031,0.0340896268293912,-3.1742880800891826e-05,0.13282904702992665,0.1327197499100178
stdlib-argparse,15,63,0.06279615532802714,0.06153237901901501,0.0012637763090121296,0.16355015647908053,0.1625475531355256
stdlib-argparse,16,63,0.04969937166953016,0.04958815561858789,0.00011121605094226855,0.14347398836934377,0.1422720015167244
stdlib-argparse,17,63,0.05262839011404486,0.052790064290757215,-0.00016167417671235362,0.15616663107796322,0.15483541195354764
stdlib-argparse,18,63,0.1266544206023571,0.12651899511674566,0.00013542548561143453,0.3086814520259698,0.30646526213321423
stdlib-argparse,19,63,0.02275439128390558,0.02196195676908015,0.0007924345148254269,0.0699405496910451,0.06743382743840652
stdlib-argparse,20,63,0.10764242404524887,0.10676301730471471,0.000879406740534161,0.2647733978099293,0.2629164135349648
stdlib-argparse,21,63,0.03046062889523686,0.029625291333696437,0.0008353375615404238,0.11744325152701801,0.11547586428267616
stdlib-argparse,22,63,0.030121426785453445,0.02949551566104804,0.0006259111244054059,0.0897346856220374,0.08737186614483122
stdlib-argparse,23,63,0.036833956774826794,0.03708553188554351,-0.00025157511071671745,0.12840669223713497,0.12728765861146032
stdlib-argparse,24,63,0.03497964574304956,0.03418800774093215,0.0007916380021174146,0.12225593786154475,0.12122309852450613
stdlib-argparse,25,63,0.03561564866482686,0.03511126615506198,0.0005043825097648807,0.11014159177503889,0.10889516353961967
stdlib-argparse,26,63,0.0377707307574354,0.03648354329486629,0.0012871874625691102,0.12769114764200318,0.12248510210996583
stdlib-argparse,27,63,0.034018130887517824,0.03313133363900263,0.0008867972485151962,0.12095504869071264,0.11943891715435755
stdlib-argparse,28,63,0.0863942723676917,0.08516012154711736,0.0012341508205743479,0.24346728344994878,0.23994306850409697
stdlib-argparse,29,63,0.05419798982181838,0.05242533819026513,0.0017726516315532473,0.168821707663555,0.16368942790561253
stdlib-argparse,30,63,0.07293544493713564,0.07290851918699605,2.6925750139586424e-05,0.20747764245976533,0.20599478319109904
stdlib-argparse,31,63,0.056129340496328145,0.05518431116693786,0.0009450293293902859,0.14317492200505166,0.1403925647101705
llama-sampling,0,63,0.050413283611839964,0.05115237234470745,-0.0007390887328674878,0.1733044632193115,0.17163960943146359
llama-sampling,1,63,0.008473346224202523,0.008010471479908104,0.00046287474429441804,0.026211882157931254,0.025165289315202878
llama-sampling,2,63,0.02470705299712126,0.024799504287777437,-9.245129065617655e-05,0.07239587764654841,0.07113830088859513
llama-sampling,3,63,0.02609344953966756,0.02583519468778774,0.0002582548518798196,0.0871855430600662,0.08569470278563954
llama-sampling,4,63,0.023917367415768758,0.02328156911128659,0.0006357983044821686,0.09012441425806,0.08705839006200669
llama-sampling,5,63,0.09087085948577003,0.09215666351115538,-0.001285804025385348,0.23997613769911585,0.24018261865490959
llama-sampling,6,63,0.06442658239532084,0.06286572620627426,0.0015608561890465833,0.173950270971372,0.16850537144475514
llama-sampling,7,63,0.026950637000568566,0.026485107439969267,0.00046552956059929887,0.08136686740354412,0.08053934104031041
llama-sampling,8,63,0.03756965245194142,0.03646528496525236,0.001104367486689059,0.11195037576059501,0.1087430872850948
llama-sampling,9,63,0.045141129248169445,0.04476186658980118,0.0003792626583682679,0.1582484623742482,0.1555836656618686
llama-sampling,10,63,0.08730375192808135,0.08585880574814621,0.0014449461799351387,0.19345531396804347,0.18966143619683054
llama-sampling,11,63,0.08502904391877117,0.08322691224840661,0.001802131670364554,0.20155982525339203,0.19688617517905577
llama-sampling,12,63,0.015915224716688197,0.01547645674156864,0.00043876797511955765,0.05423372472444224,0.05310780608228275
llama-sampling,13,63,0.053204000121839935,0.05306506882761679,0.0001389312942231477,0.15793965999332685,0.1550540720659589
llama-sampling,14,63,0.047688575600053205,0.04600638736571584,0.0016821882343373631,0.15266483135166622,0.1483733386747421
llama-sampling,15,63,0.01451115931443397,0.013047113232979817,0.0014640460814541525,0.05558628831354399,0.05233778497056356
llama-sampling,16,63,0.044059006131387184,0.04393422380108238,0.00012478233030480124,0.14673340816553387,0.1449573053904469
llama-sampling,17,63,0.048464567880959264,0.046027130432545194,0.0024374374484140704,0.1420331998536038,0.13507356441446713
llama-sampling,18,63,0.05326236510235402,0.053027815082006984,0.0002345500203470366,0.15219691135580576,0.1523370055688752
llama-sampling,19,63,0.051827954128846554,0.050622304698215825,0.0012056494306307286,0.16326141712211428,0.1588505662622906
llama-sampling,20,63,0.06401433212135638,0.062337840739120215,0.0016764913822361616,0.18005547561638413,0.1770558390943777
llama-sampling,21,63,0.07126239714552722,0.06981444145951952,0.0014479556860076959,0.21403774211094492,0.20831128484791234
llama-sampling,22,63,0.07601519973416414,0.0751329555974475,0.0008822441367166423,0.20950350496504042,0.20669726932805682
llama-sampling,23,63,0.0406975097407306,0.04126675183273157,-0.0005692420920009669,0.11574084323550028,0.11437468348987519
llama-sampling,24,63,0.053006947168060356,0.053165428558482775,-0.0001584813904224186,0.15674205671345431,0.1567690788162133
llama-sampling,25,63,0.04083802679642325,0.03978901641768596,0.0010490103787372945,0.11129428109242803,0.10846507466501659
llama-sampling,26,63,0.02659719656702013,0.026603749265343632,-6.552698323503137e-06,0.07300056874870307,0.07398184829406322
llama-sampling,27,63,0.06156596856280452,0.06070995203677624,0.0008560165260282776,0.14103294282205522,0.13958493525546695
llama-sampling,28,63,0.035262500251909454,0.03465242116224198,0.0006100790896674743,0.1393943690354862,0.13743891141244344
llama-sampling,29,63,0.05758021557925358,0.056874555476482895,0.0007056601027706846,0.15380502128530116,0.15156858769201098
llama-sampling,30,63,0.033099356070456526,0.03284261006832359,0.00025674600213293486,0.09422513171439133,0.092794536745974
llama-sampling,31,63,0.03915513762908559,0.03638501535539353,0.002770122273692062,0.1190504344209792,0.11332475441315817
server-docs,0,63,0.07446339488304811,0.07530810836599106,-0.0008447134829429465,0.22677729351239073,0.22493006973453458
server-docs,1,63,0.07468108140996524,0.07538961748489076,-0.0007085360749255198,0.2196958526259377,0.2180360054212903
server-docs,2,63,0.059778292611655265,0.059768315108995586,9.97750265967906e-06,0.18601146440893884,0.18528130449472913
server-docs,3,63,0.06796386833154848,0.06612324614506511,0.0018406221864833705,0.1932622551444977,0.1894432462692734
server-docs,4,63,0.031016802751562662,0.029865718420801893,0.0011510843307607696,0.12135180281031699,0.11742514614311475
server-docs,5,63,0.044396734630156844,0.043747662335041994,0.0006490722951148498,0.14286828389953052,0.1401444026342933
server-docs,6,63,0.05461207948928137,0.053727440986900576,0.0008846385023807968,0.13379242594930388,0.13168423812067698
server-docs,7,63,0.09752815173863108,0.09941931240378864,-0.0018911606651575569,0.23612149466302187,0.2377213113128193
server-docs,8,63,0.04493067148954622,0.04409339353220448,0.000837277957341738,0.13449379132084904,0.13001494284068782
server-docs,9,63,0.07032934586436207,0.06785696578703614,0.0024723800773259336,0.16425413342695389,0.15846816556794302
server-docs,10,63,0.07198084630663433,0.0704014355331541,0.0015794107734802276,0.16610864189172547,0.16384335491983665
server-docs,11,63,0.038534373665849365,0.03873407861424817,-0.00019970494839880587,0.09396092499059344,0.09400496785602873
server-docs,12,63,0.05283704220080778,0.05185052762842841,0.000986514572379374,0.14255215499609236,0.13887242242575637
server-docs,13,63,0.07615041393520576,0.07503024362755703,0.0011201703076487296,0.16522197806764216,0.16198419587361435
server-docs,14,63,0.06730785435583028,0.06584202579873068,0.001465828557099605,0.18643797650223687,0.183577395798195
server-docs,15,63,0.05970808886183751,0.05839269635607562,0.0013153925057618893,0.16060318890959024,0.1575475407261697
server-docs,16,63,0.06777297764543504,0.06826187624403882,-0.0004888985986037792,0.20947345384647922,0.20886246868897052
server-docs,17,63,0.11159625820933826,0.11085155359395439,0.0007447046153838677,0.2775806212531669,0.27461099639416686
server-docs,18,63,0.06063809023711771,0.06073661205092711,-9.852181380939906e-05,0.17425879277288914,0.1725104387317385
server-docs,19,63,0.03750099506532212,0.03655038938842832,0.0009506056768937982,0.11657787897875385,0.1124120724224855
server-docs,20,63,0.034688936742318294,0.03383419087474486,0.0008547458675734337,0.10962207863728206,0.10777349125534769
server-docs,21,63,0.04802296516145506,0.04642074766923629,0.0016022174922187687,0.15132078386488415,0.1478899217077664
server-docs,22,63,0.04228327415388314,0.04143438551257113,0.0008488886413120095,0.14969975949220715,0.14664137842399733
server-docs,23,63,0.0764045002611561,0.07450319299962194,0.0019013072615341603,0.19628473046043562,0.18967296372330378
server-docs,24,63,0.0408762837538407,0.03881629561591479,0.0020599881379259055,0.12507800929366597,0.1201135322806381
server-docs,25,63,0.050895758708643296,0.049567279317194506,0.0013284793914487905,0.16246327403045835,0.1604744763601394
server-docs,26,63,0.07800503971336024,0.07702197506654239,0.000983064646817855,0.2156361107610994,0.21259479091635772
server-docs,27,63,0.052146536505056754,0.05130309026156153,0.0008434462434952217,0.15191409491475613,0.15086732319896184
server-docs,28,63,0.04312607850731602,0.04253631462490866,0.0005897638824073625,0.1493586426866906,0.14755666046033775
server-docs,29,63,0.024849047440858113,0.023941279418529974,0.0009077680223281391,0.08968982532147378,0.08825722076590099
server-docs,30,63,0.06892015839306016,0.06666722006741024,0.0022529383256499197,0.19776794633695058,0.19305135002211918
server-docs,31,63,0.07826640151509469,0.07662638777586085,0.0016400137392338365,0.19941820878358113,0.19475701016684374
gpl3,0,63,0.13396927970091974,0.13390599826853428,6.328143238545914e-05,0.23932598472114594,0.23777173270308782
gpl3,1,63,0.24182734252618893,0.24256757513753005,-0.000740232611341124,0.405450450522559,0.4034999247108187
gpl3,2,63,0.1778493725384275,0.1750909620304666,0.0027584105079609123,0.3413969398668361,0.333741061862499
gpl3,3,63,0.2507263303157829,0.2480030190717015,0.0027233112440814,0.444219198521404,0.43713077296695063
gpl3,4,63,0.25462930655432126,0.25245258185480324,0.002176724699518018,0.4554564512319981,0.4477567614780532
gpl3,5,63,0.27128545336780097,0.27063236727807966,0.0006530860897213109,0.4628516080833617,0.4584732562421806
gpl3,6,63,0.15412864443062554,0.15452216817657388,-0.0003935237459483376,0.25180875781982665,0.2512295906032835
gpl3,7,63,0.1889772218215974,0.18768639139838458,0.0012908304232128187,0.3244212588502301,0.3198610398371423
gpl3,8,63,0.22675981530032696,0.22552691555271545,0.00123289974761151,0.38128414324351717,0.3765163058562884
gpl3,9,63,0.18257754287194639,0.18187288890799713,0.0007046539639492533,0.3552760266004101,0.3529203784252916
gpl3,10,63,0.2401584961141149,0.23834841035395152,0.0018100857601633935,0.4173187282350328,0.41147465504232855
gpl3,11,63,0.22616430584134328,0.2253817851684751,0.0007825206728681866,0.4109336672912514,0.4078276583717929
gpl3,12,63,0.2160235738293046,0.21567325836180576,0.00035031546749883513,0.3874444868415594,0.3837909408445869
gpl3,13,63,0.2487029725360492,0.24792118979588387,0.0007817827401653266,0.4092300915647121,0.4057832282805254
gpl3,14,63,0.2524074134786451,0.2547764004695983,-0.0023689869909532257,0.4408574522369438,0.4387937631044123
gpl3,15,63,0.23260112779421938,0.23181642288903867,0.0007847049051807053,0.4025144019415454,0.39860170523798655
gpl3,16,63,0.19875239982594928,0.19812264624938725,0.000629753576562031,0.35758206999254605,0.3546404577791691
gpl3,17,63,0.21529047576976673,0.21492905546689317,0.00036142030287356075,0.37614846217726905,0.37400587429366416
gpl3,18,63,0.19394916934626444,0.19162646658895982,0.0023227027573046177,0.34969198751071146,0.34331856330945376
gpl3,19,63,0.23075973113170928,0.23088536541243748,-0.00012563428072820404,0.42427399695392637,0.4212903288740014
gpl3,20,63,0.21010557066885724,0.20719589675140995,0.0029096739174472863,0.3861789999322759,0.3797749981047615
gpl3,21,63,0.18696885026754842,0.1863932339178901,0.0005756163496583311,0.32848410592192695,0.32565734434932
gpl3,22,63,0.1937083261797116,0.19367117366738737,3.715251232422334e-05,0.35812459058231777,0.35475005954504013
gpl3,23,63,0.19958543419719688,0.19946340164760984,0.00012203254958703669,0.34544084191558855,0.3415071955098519
gpl3,24,63,0.1918995357118547,0.19131117041355797,0.000588365298296728,0.35651063386883053,0.35238090136812794
gpl3,25,63,0.23901197089931914,0.23753945175410499,0.0014725191452141517,0.4184806266474345,0.41395180441793944
gpl3,26,63,0.15283124645551047,0.150746505108795,0.002084741346715463,0.341126135890446,0.33701869508340243
gpl3,27,63,0.25394945182201883,0.2536496889910528,0.00029976283096605494,0.4483745984496578,0.4437911871170241
gpl3,28,63,0.23748773218147337,0.2358306062644318,0.001657125917041563,0.44272788894909715,0.43910776188094464
gpl3,29,63,0.2714598422855257,0.26916467685193296,0.0022951654335927607,0.4746339249587248,0.46878256867565804
gpl3,30,63,0.1662597400136292,0.16393849425136098,0.0023212457622682203,0.3002607607179218,0.293785496245301
gpl3,31,63,0.23887558971783,0.23799029416922066,0.0008852955486093328,0.4313948257929749,0.4277516720550401
