chunk,outer_fold,positions,method,candidate_temperature,candidate_top_p,sampler_js,sampler_tv,sampler_support_jaccard
0,0,63,same-settings,0.8,0.95,0.08295429401683606,0.2517656006865085,0.5810820822245071
0,0,63,q2-frozen-temperature,0.7625,0.95,0.08056277384804118,0.24534118682559994,0.6246271293469537
0,0,63,hybrid-tuned-temperature,0.7549999999999997,0.95,0.08013240568014601,0.24407050155457996,0.632469573344332
1,0,63,same-settings,0.8,0.95,0.044985976114514326,0.1547519096306392,0.6899039087867063
1,0,63,q2-frozen-temperature,0.7625,0.95,0.04241365431955764,0.14902941640170794,0.7430904607637968
1,0,63,hybrid-tuned-temperature,0.7549999999999997,0.95,0.04222663181893054,0.14884249357477067,0.7487342448642443
2,0,63,same-settings,0.8,0.95,0.07370660816215807,0.24069618599282372,0.5314591719139676
2,0,63,q2-frozen-temperature,0.7625,0.95,0.07094090474059894,0.23391802863232672,0.5715011245818828
2,0,63,hybrid-tuned-temperature,0.7549999999999997,0.95,0.07049527771711822,0.2328196686529924,0.5787919172618471
3,0,63,same-settings,0.8,0.95,0.05474045013801919,0.19395066643991168,0.7268220912199463
3,0,63,q2-frozen-temperature,0.7625,0.95,0.05457005535791968,0.19270777838334205,0.7420664244199404
3,0,63,hybrid-tuned-temperature,0.7549999999999997,0.95,0.0545405336352627,0.19272377714514732,0.744015234664746
4,0,63,same-settings,0.8,0.95,0.06558603642597086,0.22731274286551134,0.5952190916748689
4,0,63,q2-frozen-temperature,0.7625,0.95,0.06494314414227292,0.2254274556679385,0.6010490029863558
4,0,63,hybrid-tuned-temperature,0.7549999999999997,0.95,0.06466754068369193,0.225087700027322,0.6126496428220096
5,0,63,same-settings,0.8,0.95,0.050785607296145625,0.19335972451205766,0.5911687378959426
5,0,63,q2-frozen-temperature,0.7625,0.95,0.04776680840933252,0.18437225894913786,0.6374491917519984
5,0,63,hybrid-tuned-temperature,0.7549999999999997,0.95,0.04820626475922172,0.18402188543289427,0.6329778055366484
6,0,63,same-settings,0.8,0.95,0.07661518530314049,0.25399906129117994,0.5650876749153476
6,0,63,q2-frozen-temperature,0.7625,0.95,0.07526953975182205,0.251519119573964,0.5979362576851259
6,0,63,hybrid-tuned-temperature,0.7549999999999997,0.95,0.07527970554794938,0.2511272446976768,0.6029643936852828
7,0,63,same-settings,0.8,0.95,0.0683942982817941,0.21308757080918267,0.6534996109794199
7,0,63,q2-frozen-temperature,0.7625,0.95,0.06797688400247208,0.20970577196705908,0.6706329893895997
7,0,63,hybrid-tuned-temperature,0.7549999999999997,0.95,0.06823040536486559,0.20968816541726626,0.6648673523237819
8,1,63,same-settings,0.8,0.95,0.05469783305353115,0.20101570030526508,0.6485852857503999
8,1,63,q2-frozen-temperature,0.7625,0.95,0.05288010170786745,0.19645009101146743,0.6787233841230778
8,1,63,hybrid-tuned-temperature,0.7674999999999996,0.95,0.05288636691809174,0.1967531375232197,0.6780782842602453
9,1,63,same-settings,0.8,0.95,0.07766729328663104,0.25181754193608724,0.5968637554126212
9,1,63,q2-frozen-temperature,0.7625,0.95,0.0784726269166207,0.25069970213290715,0.620265670145588
9,1,63,hybrid-tuned-temperature,0.7674999999999996,0.95,0.0777488340150624,0.25016917246911263,0.6274078984906458
10,1,63,same-settings,0.8,0.95,0.05880814735659413,0.22432158021108498,0.592281670285484
10,1,63,q2-frozen-temperature,0.7625,0.95,0.056694166810577,0.21839253255535687,0.6254305859984777
10,1,63,hybrid-tuned-temperature,0.7674999999999996,0.95,0.056844865134547624,0.21887022605727588,0.6238852626858492
11,1,63,same-settings,0.8,0.95,0.09231447568163276,0.2639950288548356,0.5125033404665186
11,1,63,q2-frozen-temperature,0.7625,0.95,0.08897851382396997,0.25601752415772466,0.5518466017311652
11,1,63,hybrid-tuned-temperature,0.7674999999999996,0.95,0.08959040155870811,0.2572353482837715,0.5415990971653095
12,1,63,same-settings,0.8,0.95,0.05373485186063345,0.16493770122409812,0.6770576482765892
12,1,63,q2-frozen-temperature,0.7625,0.95,0.05137671062368013,0.159405901998518,0.7245949904362545
12,1,63,hybrid-tuned-temperature,0.7674999999999996,0.95,0.05181046083406915,0.1604800016456653,0.7123182800400747
13,1,63,same-settings,0.8,0.95,0.07275775744624081,0.20613112265155428,0.5864018920597411
13,1,63,q2-frozen-temperature,0.7625,0.95,0.07048624753028095,0.199917761934182,0.6042535809060618
13,1,63,hybrid-tuned-temperature,0.7674999999999996,0.95,0.070678141522443,0.20061525383165904,0.603219122241868
14,1,63,same-settings,0.8,0.95,0.01887081290358707,0.07766068034938403,0.8414709087026402
14,1,63,q2-frozen-temperature,0.7625,0.95,0.01838575638387175,0.0758986058275378,0.8547284642489358
14,1,63,hybrid-tuned-temperature,0.7674999999999996,0.95,0.018408992519927402,0.07583896050022708,0.8556254793908916
15,1,63,same-settings,0.8,0.95,0.05635697730920381,0.191599902770822,0.6645129547153243
15,1,63,q2-frozen-temperature,0.7625,0.95,0.05447481199729419,0.1863140714251333,0.6798790029028864
15,1,63,hybrid-tuned-temperature,0.7674999999999996,0.95,0.05478661017315019,0.18699803868574755,0.6749023843070656
16,2,63,same-settings,0.8,0.95,0.07458323663071034,0.24273295931163288,0.5819722698020546
16,2,63,q2-frozen-temperature,0.7625,0.95,0.07212920443871843,0.23721540346741676,0.6244675515387873
16,2,63,hybrid-tuned-temperature,0.7499999999999998,0.95,0.07160647872499087,0.2359589079306239,0.6399094596211319
17,2,63,same-settings,0.8,0.95,0.06679550072710429,0.2286114583885859,0.5518713298862902
17,2,63,q2-frozen-temperature,0.7625,0.95,0.06499455557278698,0.2235237400210093,0.5920541517815209
17,2,63,hybrid-tuned-temperature,0.7499999999999998,0.95,0.06482860576804905,0.22328881812947138,0.5938112707364599
18,2,63,same-settings,0.8,0.95,0.06672540577572017,0.23514254580414484,0.5389161319121453
18,2,63,q2-frozen-temperature,0.7625,0.95,0.06407021892271818,0.2246777725420774,0.5650262775083266
18,2,63,hybrid-tuned-temperature,0.7499999999999998,0.95,0.0639231870401769,0.22244216770761543,0.5628095003143221
19,2,63,same-settings,0.8,0.95,0.06556892892602639,0.2239435524162319,0.6315284077902523
19,2,63,q2-frozen-temperature,0.7625,0.95,0.06456193781369143,0.22208363763869754,0.6522555701023202
19,2,63,hybrid-tuned-temperature,0.7499999999999998,0.95,0.06486425377310269,0.22279293764205205,0.6508584607735105
20,2,63,same-settings,0.8,0.95,0.046660873092829236,0.18716066939726708,0.6859303962096669
20,2,63,q2-frozen-temperature,0.7625,0.95,0.045886392967538936,0.1849828464466901,0.7191074077722255
20,2,63,hybrid-tuned-temperature,0.7499999999999998,0.95,0.046221235652439414,0.185773937859469,0.7186007884825315
21,2,63,same-settings,0.8,0.95,0.09702854748955736,0.2603762591819441,0.639542980441962
21,2,63,q2-frozen-temperature,0.7625,0.95,0.09608530991208104,0.2587026373320629,0.6766847611379877
21,2,63,hybrid-tuned-temperature,0.7499999999999998,0.95,0.09597583233733617,0.25870383184935364,0.6882642759676975
22,2,63,same-settings,0.8,0.95,0.029129352346653977,0.09472143493356212,0.8073192094228359
22,2,63,q2-frozen-temperature,0.7625,0.95,0.0274751250662597,0.08982405702154787,0.8376006863173648
22,2,63,hybrid-tuned-temperature,0.7499999999999998,0.95,0.027319530144311665,0.08922421896741503,0.8359647490051887
23,2,63,same-settings,0.8,0.95,0.05098075241345676,0.19797389729628487,0.6903724698613124
23,2,63,q2-frozen-temperature,0.7625,0.95,0.0492188128788719,0.1934715271705673,0.7178823184335312
23,2,63,hybrid-tuned-temperature,0.7499999999999998,0.95,0.049107171469441956,0.1927327692863487,0.7176727983822971
24,3,63,same-settings,0.8,0.95,0.08300212448063705,0.2510438843645037,0.6086936289188641
24,3,63,q2-frozen-temperature,0.7625,0.95,0.08088458739110224,0.244446057042787,0.6517075215764928
24,3,63,hybrid-tuned-temperature,0.7499999999999998,0.95,0.0806608860536168,0.242900814594967,0.6578462048565314
25,3,63,same-settings,0.8,0.95,0.09507147209822303,0.28257435288221117,0.5035642674804882
25,3,63,q2-frozen-temperature,0.7625,0.95,0.09201628698538693,0.27502453167523655,0.5473533729772259
25,3,63,hybrid-tuned-temperature,0.7499999999999998,0.95,0.09151251758596608,0.2734404193858306,0.5541364229650849
26,3,63,same-settings,0.8,0.95,0.05009680769834963,0.18099838113855748,0.6730608191897773
26,3,63,q2-frozen-temperature,0.7625,0.95,0.04954423590208448,0.1793865282975492,0.6900942908546908
26,3,63,hybrid-tuned-temperature,0.7499999999999998,0.95,0.049923640406054876,0.17968243002773276,0.6908953984475091
27,3,63,same-settings,0.8,0.95,0.0650668201509804,0.23873605342611434,0.6179216257654033
27,3,63,q2-frozen-temperature,0.7625,0.95,0.06575396463334088,0.23787606259187064,0.6389630127078249
27,3,63,hybrid-tuned-temperature,0.7499999999999998,0.95,0.06595648544293548,0.23778464012439288,0.6425333790631969
28,3,63,same-settings,0.8,0.95,0.0547288427543309,0.20152548384217042,0.6439551842590759
28,3,63,q2-frozen-temperature,0.7625,0.95,0.05500220093462202,0.19996251946403867,0.6490109479659084
28,3,63,hybrid-tuned-temperature,0.7499999999999998,0.95,0.0554721158770253,0.2002836378025157,0.646988260492902
29,3,63,same-settings,0.8,0.95,0.07653545938240039,0.2475365147822433,0.6465794271906079
29,3,63,q2-frozen-temperature,0.7625,0.95,0.07589914264445681,0.24431799018075542,0.683297748650506
29,3,63,hybrid-tuned-temperature,0.7499999999999998,0.95,0.07643129518865385,0.24424668502003427,0.6804793373684165
30,3,63,same-settings,0.8,0.95,0.04990730383655145,0.1771642699364632,0.6576795955617089
30,3,63,q2-frozen-temperature,0.7625,0.95,0.04881847994808581,0.17432114612015467,0.6719593192777029
30,3,63,hybrid-tuned-temperature,0.7499999999999998,0.95,0.04866839157203064,0.17472793637878364,0.6774408478215191
31,3,63,same-settings,0.8,0.95,0.05622626125391218,0.21718283789971518,0.6316177869757428
31,3,63,q2-frozen-temperature,0.7625,0.95,0.055293236881317126,0.2138125685354074,0.6505642402907256
31,3,63,hybrid-tuned-temperature,0.7499999999999998,0.95,0.05538269728865652,0.2130721877255137,0.6540885245562424
