quant,block,chunks,positions,method,candidate_temperature,candidate_top_p,sampler_js,sampler_tv,sampler_support_jaccard
Q2_K_XL,0,0,63,frozen-joint,0.7275,0.965,0.1051039017130813,0.2983635226412425,0.5882335605614977
Q2_K_XL,0,0,63,frozen-temperature,0.76,0.95,0.10528275083809618,0.29782850035126246,0.5976902217828322
Q2_K_XL,0,0,63,frozen-top-p,0.8,0.93125,0.10598332347673556,0.29847189795876305,0.598855005682727
Q2_K_XL,0,0,63,same-settings,0.8,0.95,0.10729784517002011,0.30105307414418175,0.549925767571178
Q2_K_XL,1,1,63,frozen-joint,0.7275,0.965,0.060477833832717605,0.17535354761732003,0.7485873311793176
Q2_K_XL,1,1,63,frozen-temperature,0.76,0.95,0.06022703877857162,0.17546762561514265,0.7506364273170996
Q2_K_XL,1,1,63,frozen-top-p,0.8,0.93125,0.06071916741452047,0.17669961205314075,0.7540305099629945
Q2_K_XL,1,1,63,same-settings,0.8,0.95,0.05989800889547619,0.17606616250815846,0.7498211610621363
Q2_K_XL,2,2,63,frozen-joint,0.7275,0.965,0.04785955819996104,0.12229098574746222,0.8197233148360968
Q2_K_XL,2,2,63,frozen-temperature,0.76,0.95,0.04818619325357888,0.122269037017037,0.8282816419841897
Q2_K_XL,2,2,63,frozen-top-p,0.8,0.93125,0.04789301321753079,0.12188147780086313,0.8314906653879086
Q2_K_XL,2,2,63,same-settings,0.8,0.95,0.04846874745340929,0.1240753164248807,0.8092446622038827
Q2_K_XL,3,3,63,frozen-joint,0.7275,0.965,0.06905537157777757,0.17040931303349752,0.6834558287252523
Q2_K_XL,3,3,63,frozen-temperature,0.76,0.95,0.06851158899787281,0.16971996967636405,0.719570420760897
Q2_K_XL,3,3,63,frozen-top-p,0.8,0.93125,0.06868790019403345,0.17052284299972512,0.7332128570523929
Q2_K_XL,3,3,63,same-settings,0.8,0.95,0.07020849924135421,0.17499307513473525,0.673176947317945
Q2_K_XL,4,4,63,frozen-joint,0.7275,0.965,0.06535028366534601,0.16987848104465575,0.6805179545049198
Q2_K_XL,4,4,63,frozen-temperature,0.76,0.95,0.06538195206251528,0.169877772086433,0.6769414235323975
Q2_K_XL,4,4,63,frozen-top-p,0.8,0.93125,0.06592042411544494,0.17073905358593616,0.6762531361072682
Q2_K_XL,4,4,63,same-settings,0.8,0.95,0.06535939314210462,0.17121992091692628,0.6772757595573318
Q2_K_XL,5,5,63,frozen-joint,0.7275,0.965,0.04662653414296016,0.13532034304761698,0.7541350240722492
Q2_K_XL,5,5,63,frozen-temperature,0.76,0.95,0.04646741167923051,0.13440037648829203,0.753340487505854
Q2_K_XL,5,5,63,frozen-top-p,0.8,0.93125,0.046585748659535534,0.13415781976211638,0.7494586931781622
Q2_K_XL,5,5,63,same-settings,0.8,0.95,0.04585286376938697,0.13425547316197364,0.7507846754668209
Q2_K_XL,6,6,63,frozen-joint,0.7275,0.965,0.04423459596462578,0.1451828796120863,0.7300579390326036
Q2_K_XL,6,6,63,frozen-temperature,0.76,0.95,0.04443271833819352,0.14415333674304068,0.7385387617376616
Q2_K_XL,6,6,63,frozen-top-p,0.8,0.93125,0.04500310207598857,0.14463890846523028,0.7379901590421287
Q2_K_XL,6,6,63,same-settings,0.8,0.95,0.0452544372307048,0.14655315536000427,0.7150839202195746
Q2_K_XL,7,7,63,frozen-joint,0.7275,0.965,0.03448105099359675,0.11517793648240585,0.7795987314846317
Q2_K_XL,7,7,63,frozen-temperature,0.76,0.95,0.03490954949446614,0.11627945414788667,0.7761976188936356
Q2_K_XL,7,7,63,frozen-top-p,0.8,0.93125,0.03510300233767974,0.11681857997817653,0.7830085156265472
Q2_K_XL,7,7,63,same-settings,0.8,0.95,0.03500643841892717,0.11774871128773878,0.7729011140050522
Q2_K_XL,8,8,63,frozen-joint,0.7275,0.965,0.048715446225648364,0.14576858988711758,0.7358056696844832
Q2_K_XL,8,8,63,frozen-temperature,0.76,0.95,0.049883171694264525,0.14693780474009968,0.7345143067087276
Q2_K_XL,8,8,63,frozen-top-p,0.8,0.93125,0.0499987349483288,0.14764343128199614,0.7427167888376018
Q2_K_XL,8,8,63,same-settings,0.8,0.95,0.049641324151750835,0.14964555304438348,0.7206534023009815
Q2_K_XL,9,9,63,frozen-joint,0.7275,0.965,0.043770975071109004,0.1423638573300744,0.7772352403491749
Q2_K_XL,9,9,63,frozen-temperature,0.76,0.95,0.04340881940498505,0.14105270702450995,0.7880821609204975
Q2_K_XL,9,9,63,frozen-top-p,0.8,0.93125,0.04371627597119807,0.14229207684005063,0.7849430567707621
Q2_K_XL,9,9,63,same-settings,0.8,0.95,0.04372090801489466,0.14261445571624098,0.7748779175413176
Q2_K_XL,10,10,63,frozen-joint,0.7275,0.965,0.048066434720235446,0.16625135495430893,0.7272796064935089
Q2_K_XL,10,10,63,frozen-temperature,0.76,0.95,0.04778140275147817,0.16569186318370085,0.7462839017550761
Q2_K_XL,10,10,63,frozen-top-p,0.8,0.93125,0.04867570855957826,0.1666265112894868,0.7515604147196362
Q2_K_XL,10,10,63,same-settings,0.8,0.95,0.04924102641996883,0.168740748176499,0.7042466372047012
Q2_K_XL,11,11,63,frozen-joint,0.7275,0.965,0.04949145601131022,0.17025643729028248,0.6817495600416119
Q2_K_XL,11,11,63,frozen-temperature,0.76,0.95,0.04987506030519153,0.17070057432329844,0.6833113519291708
Q2_K_XL,11,11,63,frozen-top-p,0.8,0.93125,0.0505219054923925,0.17127798172453093,0.6862986730372872
Q2_K_XL,11,11,63,same-settings,0.8,0.95,0.05053547735322297,0.17293330808244053,0.6631633212057764
Q2_K_XL,12,12,63,frozen-joint,0.7275,0.965,0.07067349064163864,0.22231238217107832,0.6556410517007094
Q2_K_XL,12,12,63,frozen-temperature,0.76,0.95,0.07004172366393345,0.2200056036549901,0.6616152054018344
Q2_K_XL,12,12,63,frozen-top-p,0.8,0.93125,0.0704868496617391,0.2198561199364208,0.6465391352459797
Q2_K_XL,12,12,63,same-settings,0.8,0.95,0.06864122649107779,0.21857343519490863,0.656376917601411
Q2_K_XL,13,13,63,frozen-joint,0.7275,0.965,0.05610462740832378,0.16947863744719635,0.6981667118102478
Q2_K_XL,13,13,63,frozen-temperature,0.76,0.95,0.05676951093806161,0.17024568110586158,0.7110216267174687
Q2_K_XL,13,13,63,frozen-top-p,0.8,0.93125,0.057022629860079006,0.1700985613500788,0.729509108795656
Q2_K_XL,13,13,63,same-settings,0.8,0.95,0.05811868014464539,0.17282813592326074,0.6843693277932925
Q2_K_XL,14,14,63,frozen-joint,0.7275,0.965,0.03305193685437622,0.11083629493793798,0.7405062756204436
Q2_K_XL,14,14,63,frozen-temperature,0.76,0.95,0.03375365768766238,0.11039322591017163,0.733941298010402
Q2_K_XL,14,14,63,frozen-top-p,0.8,0.93125,0.03371487347601307,0.1108941560581563,0.7407940129365148
Q2_K_XL,14,14,63,same-settings,0.8,0.95,0.03377126780013361,0.11245606891396973,0.7270343217487607
Q2_K_XL,15,15,63,frozen-joint,0.7275,0.965,0.03687926362239061,0.11972844544502478,0.7969470223913194
Q2_K_XL,15,15,63,frozen-temperature,0.76,0.95,0.037037551076436,0.12003539922455,0.7988788127623
Q2_K_XL,15,15,63,frozen-top-p,0.8,0.93125,0.03739047238588451,0.12142441285744546,0.7999278986923772
Q2_K_XL,15,15,63,same-settings,0.8,0.95,0.03744068700036714,0.12227588424843455,0.7984741368725902
Q2_K_XL,16,16,63,frozen-joint,0.7275,0.965,0.040534144334886814,0.13116253829664654,0.7561285966084542
Q2_K_XL,16,16,63,frozen-temperature,0.76,0.95,0.041443255667145996,0.13259328668197942,0.7514233032809948
Q2_K_XL,16,16,63,frozen-top-p,0.8,0.93125,0.04214214237909469,0.13447352744165866,0.7564257462028326
Q2_K_XL,16,16,63,same-settings,0.8,0.95,0.04176592604360647,0.13481396429299836,0.7477201984260583
Q2_K_XL,17,17,63,frozen-joint,0.7275,0.965,0.03423319679744068,0.1275045426769389,0.7593922371731568
Q2_K_XL,17,17,63,frozen-temperature,0.76,0.95,0.03532713734210351,0.13005405484092614,0.7510239299434257
Q2_K_XL,17,17,63,frozen-top-p,0.8,0.93125,0.036554122373225195,0.1331198484533363,0.7511671128595744
Q2_K_XL,17,17,63,same-settings,0.8,0.95,0.03756578351991872,0.1351226737486228,0.7216414054483578
Q2_K_XL,18,18,63,frozen-joint,0.7275,0.965,0.053141654376679705,0.16689006570312712,0.7062862218897076
Q2_K_XL,18,18,63,frozen-temperature,0.76,0.95,0.05338440685059934,0.16731981477803654,0.7189071737804352
Q2_K_XL,18,18,63,frozen-top-p,0.8,0.93125,0.05460110024201669,0.16951838041108752,0.7177915102258424
Q2_K_XL,18,18,63,same-settings,0.8,0.95,0.054845274261583296,0.17213631752464506,0.6913235564568512
Q2_K_XL,19,19,63,frozen-joint,0.7275,0.965,0.052103622611390336,0.17510989536013868,0.6985438835862446
Q2_K_XL,19,19,63,frozen-temperature,0.76,0.95,0.05217473801144118,0.17470674281792034,0.6933662048266784
Q2_K_XL,19,19,63,frozen-top-p,0.8,0.93125,0.05198969013087215,0.17452510585269285,0.695016993823084
Q2_K_XL,19,19,63,same-settings,0.8,0.95,0.051484136228700954,0.1741504417584529,0.684839633774693
Q2_K_XL,20,20,63,frozen-joint,0.7275,0.965,0.030149704648277886,0.10259576050180291,0.7668407875236258
Q2_K_XL,20,20,63,frozen-temperature,0.76,0.95,0.029663960527007777,0.10198072503720011,0.7802988230700739
Q2_K_XL,20,20,63,frozen-top-p,0.8,0.93125,0.029857986436654178,0.10214776666982779,0.786001770293041
Q2_K_XL,20,20,63,same-settings,0.8,0.95,0.030589616351154824,0.10520987996151523,0.7664195574838462
Q2_K_XL,21,21,63,frozen-joint,0.7275,0.965,0.04927045484406075,0.15921438037462177,0.7423134442508365
Q2_K_XL,21,21,63,frozen-temperature,0.76,0.95,0.04998340856446515,0.16037730582886273,0.7330503942343026
Q2_K_XL,21,21,63,frozen-top-p,0.8,0.93125,0.05000672159930839,0.16149659478475178,0.7459815462193381
Q2_K_XL,21,21,63,same-settings,0.8,0.95,0.04921631216965911,0.16207550072835553,0.7205416594184544
Q2_K_XL,22,22,63,frozen-joint,0.7275,0.965,0.056318142915159346,0.16609681555853475,0.7611498153799233
Q2_K_XL,22,22,63,frozen-temperature,0.76,0.95,0.05630266536138065,0.16650945728733427,0.7769713457463228
Q2_K_XL,22,22,63,frozen-top-p,0.8,0.93125,0.05805776754970707,0.17013293581586036,0.7638604444445266
Q2_K_XL,22,22,63,same-settings,0.8,0.95,0.05771264905804798,0.1700698019611457,0.7556232003436022
Q2_K_XL,23,23,63,frozen-joint,0.7275,0.965,0.04159789920474092,0.12991734966635704,0.7718602214465033
Q2_K_XL,23,23,63,frozen-temperature,0.76,0.95,0.04120274021896341,0.12872488684360944,0.7903231461224224
Q2_K_XL,23,23,63,frozen-top-p,0.8,0.93125,0.04161358297625113,0.12964163096769463,0.7874898740344918
Q2_K_XL,23,23,63,same-settings,0.8,0.95,0.041536080381197354,0.12997266061840548,0.7832516326728621
Q2_K_XL,24,24,63,frozen-joint,0.7275,0.965,0.03290679948108773,0.10750879632634303,0.78454017639474
Q2_K_XL,24,24,63,frozen-temperature,0.76,0.95,0.03380692169617211,0.10942845005128118,0.7859710706528077
Q2_K_XL,24,24,63,frozen-top-p,0.8,0.93125,0.0350563078120883,0.11209071019575709,0.7817213158806053
Q2_K_XL,24,24,63,same-settings,0.8,0.95,0.03472764470377967,0.11292430728910462,0.7613055598604389
Q2_K_XL,25,25,63,frozen-joint,0.7275,0.965,0.058070192279826315,0.1883377092077382,0.7127906641035101
Q2_K_XL,25,25,63,frozen-temperature,0.76,0.95,0.058566061720725086,0.18801353366247245,0.6952870932114802
Q2_K_XL,25,25,63,frozen-top-p,0.8,0.93125,0.05841224998353966,0.18747608730244258,0.6983040513210582
Q2_K_XL,25,25,63,same-settings,0.8,0.95,0.05753989281162383,0.18795859884648097,0.6852705610813252
Q2_K_XL,26,26,63,frozen-joint,0.7275,0.965,0.07111604926398113,0.19765653960879834,0.7223441971570669
Q2_K_XL,26,26,63,frozen-temperature,0.76,0.95,0.0708228638598932,0.19665320421613397,0.719038666257395
Q2_K_XL,26,26,63,frozen-top-p,0.8,0.93125,0.07034697896608758,0.1965396757429791,0.7193173396399866
Q2_K_XL,26,26,63,same-settings,0.8,0.95,0.07004343536275898,0.19728374683726874,0.6973403164476727
Q2_K_XL,27,27,63,frozen-joint,0.7275,0.965,0.06174000754715905,0.18466247035752212,0.6987424366927546
Q2_K_XL,27,27,63,frozen-temperature,0.76,0.95,0.06384088838147739,0.1855094042562303,0.6917796433979984
Q2_K_XL,27,27,63,frozen-top-p,0.8,0.93125,0.06471032834157259,0.187591454605498,0.6939636853292716
Q2_K_XL,27,27,63,same-settings,0.8,0.95,0.061623489284621816,0.18737916358643109,0.69970893350413
Q2_K_XL,28,28,63,frozen-joint,0.7275,0.965,0.054280405110191735,0.18842252305457516,0.6970934264105794
Q2_K_XL,28,28,63,frozen-temperature,0.76,0.95,0.054614589506176314,0.18846292273392753,0.7024320850079547
Q2_K_XL,28,28,63,frozen-top-p,0.8,0.93125,0.05520053994047293,0.18959997298698578,0.7038797422333907
Q2_K_XL,28,28,63,same-settings,0.8,0.95,0.05559771639176659,0.19100945998751928,0.6811180523671714
Q2_K_XL,29,29,63,frozen-joint,0.7275,0.965,0.029379489218136146,0.083311698857754,0.805507692981813
Q2_K_XL,29,29,63,frozen-temperature,0.76,0.95,0.02965240944768228,0.0837172365910004,0.8188517831374973
Q2_K_XL,29,29,63,frozen-top-p,0.8,0.93125,0.030182680734772777,0.08485941949581342,0.8272306397306397
Q2_K_XL,29,29,63,same-settings,0.8,0.95,0.031002935867223958,0.08771300623341212,0.7947375291035645
Q2_K_XL,30,30,63,frozen-joint,0.7275,0.965,0.05232152249664068,0.16958206868360912,0.7292624354859368
Q2_K_XL,30,30,63,frozen-temperature,0.76,0.95,0.052176606716192696,0.16849672844603894,0.7513725985128644
Q2_K_XL,30,30,63,frozen-top-p,0.8,0.93125,0.05219921058723851,0.16747667659665383,0.7542048991054972
Q2_K_XL,30,30,63,same-settings,0.8,0.95,0.05206341358522574,0.16868254123994755,0.7223676591988627
Q2_K_XL,31,31,63,frozen-joint,0.7275,0.965,0.049172231376851123,0.14726620782462377,0.6847220730561208
Q2_K_XL,31,31,63,frozen-temperature,0.76,0.95,0.04899144655099094,0.14630354976370222,0.7079292447086933
Q2_K_XL,31,31,63,frozen-top-p,0.8,0.93125,0.05075680010024428,0.14946131372735613,0.6905308083851869
Q2_K_XL,31,31,63,same-settings,0.8,0.95,0.050605582952913314,0.15087059716738405,0.6951288193679287
Q4_K_XL,0,0,63,frozen-joint,0.78125,0.9575,0.008565889048715315,0.06967069403756232,0.8875338143877453
Q4_K_XL,0,0,63,frozen-temperature,0.795,0.95,0.008525465976350777,0.06863329883310057,0.886687759021316
Q4_K_XL,0,0,63,same-settings,0.8,0.95,0.008309659494515804,0.06814164453969589,0.890040689747968
Q4_K_XL,1,1,63,frozen-joint,0.78125,0.9575,0.00536481561675106,0.04108336266307604,0.9294556072030485
Q4_K_XL,1,1,63,frozen-temperature,0.795,0.95,0.0051557125291779695,0.040880167324628146,0.9387946224859397
Q4_K_XL,1,1,63,same-settings,0.8,0.95,0.005567885301749653,0.04149761317031724,0.9298733519604111
Q4_K_XL,2,2,63,frozen-joint,0.78125,0.9575,0.00411827231541143,0.02755534273409654,0.9277935512185732
Q4_K_XL,2,2,63,frozen-temperature,0.795,0.95,0.0039606236604168,0.02718923217247403,0.9446961463230886
Q4_K_XL,2,2,63,same-settings,0.8,0.95,0.004156889668333211,0.027570428267594368,0.938258933956449
Q4_K_XL,3,3,63,frozen-joint,0.78125,0.9575,0.00668912940281665,0.03774503083337867,0.9042667096653807
Q4_K_XL,3,3,63,frozen-temperature,0.795,0.95,0.0068427766784138625,0.03825581450724885,0.9076078500955349
Q4_K_XL,3,3,63,same-settings,0.8,0.95,0.00693356774891505,0.038582345337740014,0.9050603604590315
Q4_K_XL,4,4,63,frozen-joint,0.78125,0.9575,0.006170709430801845,0.038278755184913436,0.9108613258036279
Q4_K_XL,4,4,63,frozen-temperature,0.795,0.95,0.0060078792407044345,0.03774201175168393,0.9209003124128595
Q4_K_XL,4,4,63,same-settings,0.8,0.95,0.00590275411885823,0.03754673046725137,0.9252287551319069
Q4_K_XL,5,5,63,frozen-joint,0.78125,0.9575,0.0036838071232306816,0.027288196785818963,0.933152682478321
Q4_K_XL,5,5,63,frozen-temperature,0.795,0.95,0.003571691348158296,0.026658482598288666,0.933004108268597
Q4_K_XL,5,5,63,same-settings,0.8,0.95,0.003436447673713759,0.02644692151437676,0.9386227669930841
Q4_K_XL,6,6,63,frozen-joint,0.78125,0.9575,0.004692125214552064,0.039515299515591726,0.9146269749258806
Q4_K_XL,6,6,63,frozen-temperature,0.795,0.95,0.004845837123289201,0.039697355738589686,0.9203328034347559
Q4_K_XL,6,6,63,same-settings,0.8,0.95,0.005039933065529026,0.04010832252069598,0.908527873760522
Q4_K_XL,7,7,63,frozen-joint,0.78125,0.9575,0.004399184612714361,0.03423732678805079,0.9200302290974985
Q4_K_XL,7,7,63,frozen-temperature,0.795,0.95,0.004709314212613251,0.03443183009290979,0.9149751333003653
Q4_K_XL,7,7,63,same-settings,0.8,0.95,0.004683740741004133,0.03431627447051661,0.9143863908724394
Q4_K_XL,8,8,63,frozen-joint,0.78125,0.9575,0.003972246075078609,0.036121547843019165,0.9425450811505233
Q4_K_XL,8,8,63,frozen-temperature,0.795,0.95,0.003856447200849375,0.035954764970238244,0.9478113051452841
Q4_K_XL,8,8,63,same-settings,0.8,0.95,0.0037766762883014358,0.035884056787287434,0.9513867907506863
Q4_K_XL,9,9,63,frozen-joint,0.78125,0.9575,0.0046902712053870635,0.035904895854256456,0.9213564754451461
Q4_K_XL,9,9,63,frozen-temperature,0.795,0.95,0.0047017302907382446,0.0352522801785242,0.9235637474858134
Q4_K_XL,9,9,63,same-settings,0.8,0.95,0.004676262185389604,0.03510246378561807,0.9239468293892693
Q4_K_XL,10,10,63,frozen-joint,0.78125,0.9575,0.004874088721523535,0.04271923651593545,0.9045523642835511
Q4_K_XL,10,10,63,frozen-temperature,0.795,0.95,0.004629627109684478,0.04157546410957972,0.9179599766738035
Q4_K_XL,10,10,63,same-settings,0.8,0.95,0.004811075151381027,0.04156658757064077,0.913121005092886
Q4_K_XL,11,11,63,frozen-joint,0.78125,0.9575,0.00642276915309522,0.046717849072246326,0.8782731156645299
Q4_K_XL,11,11,63,frozen-temperature,0.795,0.95,0.006019109250730022,0.04558181956351277,0.8923970475404325
Q4_K_XL,11,11,63,same-settings,0.8,0.95,0.0060769287486018295,0.0457869583947791,0.8903544118187162
Q4_K_XL,12,12,63,frozen-joint,0.78125,0.9575,0.00822210669450994,0.05700908638980417,0.8732987873975588
Q4_K_XL,12,12,63,frozen-temperature,0.795,0.95,0.008019553940920602,0.056528276349935264,0.8854891293239224
Q4_K_XL,12,12,63,same-settings,0.8,0.95,0.008066777189563413,0.05674604223745446,0.8831414911362222
Q4_K_XL,13,13,63,frozen-joint,0.78125,0.9575,0.007890482527381252,0.04940963938595757,0.9031912140964757
Q4_K_XL,13,13,63,frozen-temperature,0.795,0.95,0.008041804375511313,0.0492265366372608,0.9005037231973073
Q4_K_XL,13,13,63,same-settings,0.8,0.95,0.00819090036823163,0.04936558765078348,0.8956326351093253
Q4_K_XL,14,14,63,frozen-joint,0.78125,0.9575,0.004305049835700571,0.03422708182580887,0.9116541452197828
Q4_K_XL,14,14,63,frozen-temperature,0.795,0.95,0.004482299397100827,0.03475702558422372,0.920185582843076
Q4_K_XL,14,14,63,same-settings,0.8,0.95,0.004566426653625621,0.035190384347169174,0.9159847327829884
Q4_K_XL,15,15,63,frozen-joint,0.78125,0.9575,0.007876989205316123,0.044085419441144615,0.9035469745414481
Q4_K_XL,15,15,63,frozen-temperature,0.795,0.95,0.007856814957781426,0.04361670603236509,0.9077231357380259
Q4_K_XL,15,15,63,same-settings,0.8,0.95,0.007818329642759636,0.04355697775821364,0.9063507478144288
Q4_K_XL,16,16,63,frozen-joint,0.78125,0.9575,0.006233517197884678,0.0412202612422998,0.9144266385634593
Q4_K_XL,16,16,63,frozen-temperature,0.795,0.95,0.0064006023033196845,0.04175625436954082,0.9114684093068539
Q4_K_XL,16,16,63,same-settings,0.8,0.95,0.006284277956371033,0.041561551273815216,0.9147787707201589
Q4_K_XL,17,17,63,frozen-joint,0.78125,0.9575,0.0044730527186489085,0.03270189817403517,0.9072554277402138
Q4_K_XL,17,17,63,frozen-temperature,0.795,0.95,0.004355772428901955,0.03201503806289226,0.9138375756215645
Q4_K_XL,17,17,63,same-settings,0.8,0.95,0.0044686991438668755,0.03233182728881874,0.9103569872890778
Q4_K_XL,18,18,63,frozen-joint,0.78125,0.9575,0.003927315089626179,0.02914398570086748,0.9156262866483539
Q4_K_XL,18,18,63,frozen-temperature,0.795,0.95,0.004038862428084637,0.029317163640544527,0.9142023984381107
Q4_K_XL,18,18,63,same-settings,0.8,0.95,0.0041417078390377495,0.02981428943929218,0.9148767275654615
Q4_K_XL,19,19,63,frozen-joint,0.78125,0.9575,0.006353556222858883,0.050765014674869324,0.8969777953995192
Q4_K_XL,19,19,63,frozen-temperature,0.795,0.95,0.006218313144811887,0.0498022864690967,0.9081802947147424
Q4_K_XL,19,19,63,same-settings,0.8,0.95,0.006231267694457774,0.04971414561279946,0.9045165012496564
Q4_K_XL,20,20,63,frozen-joint,0.78125,0.9575,0.002583609196812003,0.023370982753852056,0.9462329275616073
Q4_K_XL,20,20,63,frozen-temperature,0.795,0.95,0.00264308461180282,0.022979055235664996,0.9476975623424079
Q4_K_XL,20,20,63,same-settings,0.8,0.95,0.002557369068049291,0.022956850258485664,0.9501773621317298
Q4_K_XL,21,21,63,frozen-joint,0.78125,0.9575,0.004653400793719653,0.041754457759597,0.9095471745947289
Q4_K_XL,21,21,63,frozen-temperature,0.795,0.95,0.004838103668647356,0.04205015780670302,0.9068422411028297
Q4_K_XL,21,21,63,same-settings,0.8,0.95,0.004699090907778886,0.04193924222555426,0.9109546152105864
Q4_K_XL,22,22,63,frozen-joint,0.78125,0.9575,0.006330876643048777,0.04448584946138518,0.9162041093375515
Q4_K_XL,22,22,63,frozen-temperature,0.795,0.95,0.00656520364028106,0.044421202310967065,0.9077365339418565
Q4_K_XL,22,22,63,same-settings,0.8,0.95,0.00658974049904842,0.044280126409989504,0.9057391445037466
Q4_K_XL,23,23,63,frozen-joint,0.78125,0.9575,0.004311057530151355,0.031035071697145228,0.9011949176631715
Q4_K_XL,23,23,63,frozen-temperature,0.795,0.95,0.0044690197687559125,0.03141968679570016,0.8950732389243613
Q4_K_XL,23,23,63,same-settings,0.8,0.95,0.004719392321671226,0.032339637271232076,0.8951500759797815
Q4_K_XL,24,24,63,frozen-joint,0.78125,0.9575,0.003967120441504651,0.02895724317354579,0.9172812157633651
Q4_K_XL,24,24,63,frozen-temperature,0.795,0.95,0.004672571059985323,0.028992697005234068,0.8968277833620539
Q4_K_XL,24,24,63,same-settings,0.8,0.95,0.004620310602827914,0.028753688603284814,0.8982055885218687
Q4_K_XL,25,25,63,frozen-joint,0.78125,0.9575,0.006930069937851162,0.05484782304200861,0.891541465598563
Q4_K_XL,25,25,63,frozen-temperature,0.795,0.95,0.006623645860051352,0.05315866747072765,0.8963009434352662
Q4_K_XL,25,25,63,same-settings,0.8,0.95,0.006661389361108868,0.052926768164431294,0.8936988208468647
Q4_K_XL,26,26,63,frozen-joint,0.78125,0.9575,0.005835528820863969,0.04465801277685733,0.8980234747638506
Q4_K_XL,26,26,63,frozen-temperature,0.795,0.95,0.006115037709172438,0.044578703312528514,0.89125328667204
Q4_K_XL,26,26,63,same-settings,0.8,0.95,0.006025054637575522,0.04444937034702254,0.8956059807385807
Q4_K_XL,27,27,63,frozen-joint,0.78125,0.9575,0.008886543208814508,0.061852291669873966,0.9132234391465787
Q4_K_XL,27,27,63,frozen-temperature,0.795,0.95,0.00916015227694371,0.06247802389164766,0.9082763564282482
Q4_K_XL,27,27,63,same-settings,0.8,0.95,0.008937671297601247,0.06215015962897312,0.9148225108232885
Q4_K_XL,28,28,63,frozen-joint,0.78125,0.9575,0.006334620189764315,0.05101870786812571,0.8999076627740532
Q4_K_XL,28,28,63,frozen-temperature,0.795,0.95,0.006798638061838343,0.05094727526404082,0.896394152472419
Q4_K_XL,28,28,63,same-settings,0.8,0.95,0.006829076215610026,0.051030597693863367,0.8961013535943504
Q4_K_XL,29,29,63,frozen-joint,0.78125,0.9575,0.0032737711509172288,0.020451843561161132,0.9344797178130511
Q4_K_XL,29,29,63,frozen-temperature,0.795,0.95,0.003424694477205942,0.02019640797423938,0.9355379188712523
Q4_K_XL,29,29,63,same-settings,0.8,0.95,0.0034872134228140883,0.02026294647819466,0.9336860670194004
Q4_K_XL,30,30,63,frozen-joint,0.78125,0.9575,0.004776017708262237,0.037926037618446914,0.9095898548295842
Q4_K_XL,30,30,63,frozen-temperature,0.795,0.95,0.004941312823026988,0.03839177545160055,0.905228323808713
Q4_K_XL,30,30,63,same-settings,0.8,0.95,0.0050090678495406694,0.038608149122742436,0.9065063649564118
Q4_K_XL,31,31,63,frozen-joint,0.78125,0.9575,0.005047926157463475,0.039966089754468866,0.9119400781494316
Q4_K_XL,31,31,63,frozen-temperature,0.795,0.95,0.005014813931969305,0.03894899705690997,0.9151210464935955
Q4_K_XL,31,31,63,same-settings,0.8,0.95,0.00491323987334331,0.03868870064616203,0.919991039150703
