quant,fold,test_chunks,train_chunks,calibration_chunks,calibration_positions,test_positions,temperature,method,scale,equivalent_quant_temperature,kl,js,tv,acceptance,top1_agreement,top10_overlap,ref_entropy
Q2_K_XL,0,0+1,2,1,63,126,0.8,identity,1.023416783688054,0.7816952123035014,0.30242516372774464,0.06826076519161414,0.22760442389402394,0.7723955761059761,0.8333333333333334,0.7452380952380953,1.1523404235250307
Q2_K_XL,0,0+1,2,1,63,126,0.8,target-temperature,1.023416783688054,0.7816952123035014,0.3031231641783612,0.06741725994924279,0.22517529038049028,0.7748247096195098,0.8333333333333334,0.7452380952380953,1.1523404235250307
Q2_K_XL,0,0+1,2,1,63,126,0.8,target-temperature+token,1.023416783688054,0.7816952123035014,0.3057989518816933,0.06703876663895296,0.22446900014446525,0.7755309998555348,0.8253968253968254,0.7380952380952381,1.1523404235250307
Q2_K_XL,0,0+1,2,1,63,126,1.0,identity,1.0694108507413411,0.9350943085220953,0.2768219292488817,0.06507945592598768,0.2343117798983633,0.7656882201016367,0.8333333333333334,0.7452380952380953,1.6721404727949878
Q2_K_XL,0,0+1,2,1,63,126,1.0,target-temperature,1.0694108507413411,0.9350943085220953,0.2725463845478215,0.06159511833405079,0.22446495198383806,0.7755350480161619,0.8333333333333334,0.7452380952380953,1.6721404727949878
Q2_K_XL,0,0+1,2,1,63,126,1.0,target-temperature+token,1.0694108507413411,0.9350943085220953,0.2709854934880447,0.06082079759776194,0.22226495386823025,0.7777350461317698,0.8174603174603174,0.7444444444444446,1.6721404727949878
Q2_K_XL,0,0+1,2+3,2,126,126,0.8,identity,1.000145512686288,0.7998836067876587,0.30242516372774464,0.06826076519161414,0.22760442389402394,0.7723955761059761,0.8333333333333334,0.7452380952380953,1.1523404235250307
Q2_K_XL,0,0+1,2+3,2,126,126,0.8,target-temperature,1.000145512686288,0.7998836067876587,0.3024256908222554,0.06825466677834581,0.227587642125399,0.7724123578746009,0.8333333333333334,0.7452380952380953,1.1523404235250307
Q2_K_XL,0,0+1,2+3,2,126,126,0.8,target-temperature+token,1.000145512686288,0.7998836067876587,0.30372853578381737,0.06760521529498459,0.2266070015872824,0.7733929984127176,0.8174603174603174,0.7388888888888889,1.1523404235250307
Q2_K_XL,0,0+1,2+3,2,126,126,1.0,identity,1.0401816890453057,0.9613705091442389,0.2768219292488817,0.06507945592598768,0.2343117798983633,0.7656882201016367,0.8333333333333334,0.7452380952380953,1.6721404727949878
Q2_K_XL,0,0+1,2+3,2,126,126,1.0,target-temperature,1.0401816890453057,0.9613705091442389,0.2723511786274651,0.06260785817434324,0.22765934343150965,0.7723406565684904,0.8333333333333334,0.7452380952380953,1.6721404727949878
Q2_K_XL,0,0+1,2+3,2,126,126,1.0,target-temperature+token,1.0401816890453057,0.9613705091442389,0.27016439416083554,0.06169930750522881,0.22529786845158614,0.7747021315484138,0.8174603174603174,0.7444444444444446,1.6721404727949878
Q2_K_XL,0,0+1,2+3+4+5,4,252,126,0.8,identity,0.9973289799094464,0.8021425388367206,0.30242516372774464,0.06826076519161414,0.22760442389402394,0.7723955761059761,0.8333333333333334,0.7452380952380953,1.1523404235250307
Q2_K_XL,0,0+1,2+3+4+5,4,252,126,0.8,target-temperature,0.9973289799094464,0.8021425388367206,0.3024243393474281,0.06837470715199082,0.22791455262320387,0.7720854473767962,0.8333333333333334,0.7452380952380953,1.1523404235250307
Q2_K_XL,0,0+1,2+3+4+5,4,252,126,0.8,target-temperature+token,0.9973289799094464,0.8021425388367206,0.3024748316986647,0.06772364007781131,0.22670002011593346,0.7732999798840665,0.8253968253968254,0.7444444444444446,1.1523404235250307
Q2_K_XL,0,0+1,2+3+4+5,4,252,126,1.0,identity,1.0334115919817586,0.9676686498961312,0.2768219292488817,0.06507945592598768,0.2343117798983633,0.7656882201016367,0.8333333333333334,0.7452380952380953,1.6721404727949878
Q2_K_XL,0,0+1,2+3+4+5,4,252,126,1.0,target-temperature,1.0334115919817586,0.9676686498961312,0.2727000005734284,0.06293057844403209,0.22859074060302045,0.7714092593969796,0.8333333333333334,0.7452380952380953,1.6721404727949878
Q2_K_XL,0,0+1,2+3+4+5,4,252,126,1.0,target-temperature+token,1.0334115919817586,0.9676686498961312,0.2706150016315242,0.06232588442962601,0.22655822264144257,0.7734417773585575,0.8333333333333334,0.7452380952380953,1.6721404727949878
Q2_K_XL,0,0+1,2+3+4+5+6+7,6,378,126,0.8,identity,0.9934216996855378,0.8052974887233041,0.30242516372774464,0.06826076519161414,0.22760442389402394,0.7723955761059761,0.8333333333333334,0.7452380952380953,1.1523404235250307
Q2_K_XL,0,0+1,2+3+4+5+6+7,6,378,126,0.8,target-temperature,0.9934216996855378,0.8052974887233041,0.30245344349028686,0.06854830559547079,0.22839076124914878,0.7716092387508512,0.8333333333333334,0.7452380952380953,1.1523404235250307
Q2_K_XL,0,0+1,2+3+4+5+6+7,6,378,126,0.8,target-temperature+token,0.9934216996855378,0.8052974887233041,0.30031357558644045,0.0675601466388499,0.22740786614478128,0.7725921338552187,0.8333333333333334,0.7436507936507936,1.1523404235250307
Q2_K_XL,0,0+1,2+3+4+5+6+7,6,378,126,1.0,identity,1.0288096861188847,0.9719970695186908,0.2768219292488817,0.06507945592598768,0.2343117798983633,0.7656882201016367,0.8333333333333334,0.7452380952380953,1.6721404727949878
Q2_K_XL,0,0+1,2+3+4+5+6+7,6,378,126,1.0,target-temperature,1.0288096861188847,0.9719970695186908,0.2730267609956507,0.06317043597014249,0.22927270134200872,0.7707272986579913,0.8333333333333334,0.7452380952380953,1.6721404727949878
Q2_K_XL,0,0+1,2+3+4+5+6+7,6,378,126,1.0,target-temperature+token,1.0288096861188847,0.9719970695186908,0.26986390000369065,0.06238919942875146,0.22765744186544892,0.7723425581345511,0.8333333333333334,0.7452380952380953,1.6721404727949878
Q2_K_XL,1,2+3,4,1,63,126,0.8,identity,0.9695138665537458,0.8251558101419392,0.2554381479601123,0.05760205584661264,0.21915353432357537,0.7808464656764247,0.7936507936507936,0.746031746031746,1.5385312470881463
Q2_K_XL,1,2+3,4,1,63,126,0.8,target-temperature,0.9695138665537458,0.8251558101419392,0.25686236561335263,0.05912208096595194,0.22356772345532877,0.7764322765446712,0.7936507936507936,0.746031746031746,1.5385312470881463
Q2_K_XL,1,2+3,4,1,63,126,0.8,target-temperature+token,0.9695138665537458,0.8251558101419392,0.26308059088282376,0.06181195575523362,0.23324342681678306,0.7667565731832169,0.753968253968254,0.7531746031746034,1.5385312470881463
Q2_K_XL,1,2+3,4,1,63,126,1.0,identity,1.0213981893173667,0.9790501005962544,0.22811687910398856,0.0532097639096,0.22178564868509282,0.7782143513149071,0.7936507936507936,0.746031746031746,2.2203207717682285
Q2_K_XL,1,2+3,4,1,63,126,1.0,target-temperature,1.0213981893173667,0.9790501005962544,0.22547021222486133,0.051912560212886,0.21793769592397752,0.7820623040760225,0.7936507936507936,0.746031746031746,2.2203207717682285
Q2_K_XL,1,2+3,4,1,63,126,1.0,target-temperature+token,1.0213981893173667,0.9790501005962544,0.22712022237887425,0.05328854927345864,0.2240274854264516,0.7759725145735484,0.753968253968254,0.7539682539682541,2.2203207717682285
Q2_K_XL,1,2+3,4+5,2,126,126,0.8,identity,0.9950122383818348,0.8040102112723974,0.2554381479601123,0.05760205584661264,0.21915353432357537,0.7808464656764247,0.7936507936507936,0.746031746031746,1.5385312470881463
Q2_K_XL,1,2+3,4+5,2,126,126,0.8,target-temperature,0.9950122383818348,0.8040102112723974,0.25547674661426906,0.05780573940625367,0.2197946112890782,0.7802053887109218,0.7936507936507936,0.746031746031746,1.5385312470881463
Q2_K_XL,1,2+3,4+5,2,126,126,0.8,target-temperature+token,0.9950122383818348,0.8040102112723974,0.26012586169453134,0.06028553950525847,0.2297965903807469,0.7702034096192532,0.746031746031746,0.7452380952380953,1.5385312470881463
Q2_K_XL,1,2+3,4+5,2,126,126,1.0,identity,1.027935610690104,0.9728235792207359,0.22811687910398856,0.0532097639096,0.22178564868509282,0.7782143513149071,0.7936507936507936,0.746031746031746,2.2203207717682285
Q2_K_XL,1,2+3,4+5,2,126,126,1.0,target-temperature,1.027935610690104,0.9728235792207359,0.22505755546674655,0.051608110446652374,0.2169498023221171,0.7830501976778829,0.7936507936507936,0.746031746031746,2.2203207717682285
Q2_K_XL,1,2+3,4+5,2,126,126,1.0,target-temperature+token,1.027935610690104,0.9728235792207359,0.22570527202150645,0.052807189983973504,0.22314910909554472,0.7768508909044552,0.746031746031746,0.7476190476190476,2.2203207717682285
Q2_K_XL,1,2+3,4+5+6+7,4,252,126,0.8,identity,0.9904837413940895,0.8076861502784622,0.2554381479601123,0.05760205584661264,0.21915353432357537,0.7808464656764247,0.7936507936507936,0.746031746031746,1.5385312470881463
Q2_K_XL,1,2+3,4+5+6+7,4,252,126,0.8,target-temperature,0.9904837413940895,0.8076861502784622,0.2555757925146496,0.05800534971481789,0.22040261947182355,0.7795973805281764,0.7936507936507936,0.746031746031746,1.5385312470881463
Q2_K_XL,1,2+3,4+5+6+7,4,252,126,0.8,target-temperature+token,0.9904837413940895,0.8076861502784622,0.2649170551792509,0.06117673287146804,0.23360214253036185,0.7663978574696382,0.7301587301587301,0.742857142857143,1.5385312470881463
Q2_K_XL,1,2+3,4+5+6+7,4,252,126,1.0,identity,1.023946535402094,0.9766134904761503,0.22811687910398856,0.0532097639096,0.22178564868509282,0.7782143513149071,0.7936507936507936,0.746031746031746,2.2203207717682285
Q2_K_XL,1,2+3,4+5+6+7,4,252,126,1.0,target-temperature,1.023946535402094,0.9766134904761503,0.22528801768818,0.05178899136154027,0.21754412055661887,0.7824558794433811,0.7936507936507936,0.746031746031746,2.2203207717682285
Q2_K_XL,1,2+3,4+5+6+7,4,252,126,1.0,target-temperature+token,1.023946535402094,0.9766134904761503,0.22860265944026828,0.053351588598928704,0.22597892196302444,0.7740210780369756,0.7222222222222222,0.7420634920634922,2.2203207717682285
Q2_K_XL,1,2+3,4+5+6+7+0+1,6,378,126,0.8,identity,0.9925727791571233,0.8059862377843438,0.2554381479601123,0.05760205584661264,0.21915353432357537,0.7808464656764247,0.7936507936507936,0.746031746031746,1.5385312470881463
Q2_K_XL,1,2+3,4+5+6+7+0+1,6,378,126,0.8,target-temperature,0.9925727791571233,0.8059862377843438,0.2555224582594814,0.057911507202280645,0.2201181906293395,0.7798818093706605,0.7936507936507936,0.746031746031746,1.5385312470881463
Q2_K_XL,1,2+3,4+5+6+7+0+1,6,378,126,0.8,target-temperature+token,0.9925727791571233,0.8059862377843438,0.2618466000357473,0.06056382941207473,0.2324286698438707,0.7675713301561293,0.7380952380952381,0.7492063492063491,1.5385312470881463
Q2_K_XL,1,2+3,4+5+6+7+0+1,6,378,126,1.0,identity,1.0314042961578507,0.9695519048399965,0.22811687910398856,0.0532097639096,0.22178564868509282,0.7782143513149071,0.7936507936507936,0.746031746031746,2.2203207717682285
Q2_K_XL,1,2+3,4+5+6+7+0+1,6,378,126,1.0,target-temperature,1.0314042961578507,0.9695519048399965,0.22491073669587525,0.05146305604680993,0.21645687085648038,0.7835431291435196,0.7936507936507936,0.746031746031746,2.2203207717682285
Q2_K_XL,1,2+3,4+5+6+7+0+1,6,378,126,1.0,target-temperature+token,1.0314042961578507,0.9695519048399965,0.22651308337215165,0.05274744731051753,0.2240996687084707,0.7759003312915294,0.7301587301587301,0.7476190476190476,2.2203207717682285
Q2_K_XL,2,4+5,6,1,63,126,0.8,identity,1.002216143578027,0.798231005483416,0.25811196148476506,0.05548616037460226,0.22002854373369474,0.7799714562663053,0.8095238095238095,0.7674603174603175,1.8350905650820395
Q2_K_XL,2,4+5,6,1,63,126,0.8,target-temperature,1.002216143578027,0.798231005483416,0.2581596753254286,0.055403017130517915,0.2196958621538766,0.7803041378461234,0.8095238095238095,0.7674603174603175,1.8350905650820395
Q2_K_XL,2,4+5,6,1,63,126,0.8,target-temperature+token,1.002216143578027,0.798231005483416,0.2601546983563782,0.05734338241782424,0.23058327901092696,0.769416720989073,0.8253968253968254,0.7642857142857142,1.8350905650820395
Q2_K_XL,2,4+5,6,1,63,126,1.0,identity,1.0354193519968735,0.9657922638508107,0.22652148365778144,0.05065667571074022,0.22076638565164453,0.7792336143483555,0.8095238095238095,0.7674603174603175,2.6995500623874586
Q2_K_XL,2,4+5,6,1,63,126,1.0,target-temperature,1.0354193519968735,0.9657922638508107,0.22463920589313144,0.04910046434900654,0.21466764888270465,0.7853323511172954,0.8095238095238095,0.7674603174603175,2.6995500623874586
Q2_K_XL,2,4+5,6,1,63,126,1.0,target-temperature+token,1.0354193519968735,0.9657922638508107,0.22525752048693645,0.05037607524613711,0.2235080239225258,0.7764919760774742,0.8333333333333334,0.765873015873016,2.6995500623874586
Q2_K_XL,2,4+5,6+7,2,126,126,0.8,identity,0.9853506665012338,0.8118937016002905,0.25811196148476506,0.05548616037460226,0.22002854373369474,0.7799714562663053,0.8095238095238095,0.7674603174603175,1.8350905650820395
Q2_K_XL,2,4+5,6+7,2,126,126,0.8,target-temperature,0.9853506665012338,0.8118937016002905,0.25823697203122575,0.05613622133876594,0.22254321105591449,0.7774567889440855,0.8095238095238095,0.7674603174603175,1.8350905650820395
Q2_K_XL,2,4+5,6+7,2,126,126,0.8,target-temperature+token,0.9853506665012338,0.8118937016002905,0.26987951221128026,0.060227114151684025,0.23736541894579494,0.762634581054205,0.7857142857142857,0.7634920634920634,1.8350905650820395
Q2_K_XL,2,4+5,6+7,2,126,126,1.0,identity,1.0194767192951744,0.980895376101732,0.22652148365778144,0.05065667571074022,0.22076638565164453,0.7792336143483555,0.8095238095238095,0.7674603174603175,2.6995500623874586
Q2_K_XL,2,4+5,6+7,2,126,126,1.0,target-temperature,1.0194767192951744,0.980895376101732,0.2246813235528908,0.04961729905601578,0.21681773850368238,0.7831822614963176,0.8095238095238095,0.7674603174603175,2.6995500623874586
Q2_K_XL,2,4+5,6+7,2,126,126,1.0,target-temperature+token,1.0194767192951744,0.980895376101732,0.23298784264352793,0.05264118564330893,0.22981771014944927,0.7701822898505507,0.7936507936507936,0.7682539682539682,2.6995500623874586
Q2_K_XL,2,4+5,6+7+0+1,4,252,126,0.8,identity,0.990991020825382,0.8072727029692879,0.25811196148476506,0.05548616037460226,0.22002854373369474,0.7799714562663053,0.8095238095238095,0.7674603174603175,1.8350905650820395
Q2_K_XL,2,4+5,6+7+0+1,4,252,126,0.8,target-temperature,0.990991020825382,0.8072727029692879,0.25809685697873463,0.055864846258124226,0.22151694733421282,0.7784830526657872,0.8095238095238095,0.7674603174603175,1.8350905650820395
Q2_K_XL,2,4+5,6+7+0+1,4,252,126,0.8,target-temperature+token,0.990991020825382,0.8072727029692879,0.2583032460443626,0.058372527053285064,0.2340886210169847,0.7659113789830153,0.8015873015873016,0.7698412698412699,1.8350905650820395
Q2_K_XL,2,4+5,6+7+0+1,4,252,126,1.0,identity,1.0336240020431495,0.9674697936805982,0.22652148365778144,0.05065667571074022,0.22076638565164453,0.7792336143483555,0.8095238095238095,0.7674603174603175,2.6995500623874586
Q2_K_XL,2,4+5,6+7+0+1,4,252,126,1.0,target-temperature,1.0336240020431495,0.9674697936805982,0.22458091958422444,0.049144549170772545,0.2148636621864555,0.7851363378135445,0.8095238095238095,0.7674603174603175,2.6995500623874586
Q2_K_XL,2,4+5,6+7+0+1,4,252,126,1.0,target-temperature+token,1.0336240020431495,0.9674697936805982,0.22338035419195054,0.050775906233214305,0.2256475096661449,0.7743524903338551,0.8095238095238095,0.7666666666666667,2.6995500623874586
Q2_K_XL,2,4+5,6+7+0+1+2+3,6,378,126,0.8,identity,0.9941749608824308,0.8046873352049816,0.25811196148476506,0.05548616037460226,0.22002854373369474,0.7799714562663053,0.8095238095238095,0.7674603174603175,1.8350905650820395
Q2_K_XL,2,4+5,6+7+0+1+2+3,6,378,126,0.8,target-temperature,0.9941749608824308,0.8046873352049816,0.2580690256891889,0.055723438537189564,0.22097282747159433,0.7790271725284057,0.8095238095238095,0.7674603174603175,1.8350905650820395
Q2_K_XL,2,4+5,6+7+0+1+2+3,6,378,126,0.8,target-temperature+token,0.9941749608824308,0.8046873352049816,0.2508218166783824,0.05627244640314214,0.22775252071136218,0.7722474792886378,0.8015873015873016,0.7714285714285715,1.8350905650820395
Q2_K_XL,2,4+5,6+7+0+1+2+3,6,378,126,1.0,identity,1.0358612982110136,0.9653802123190162,0.22652148365778144,0.05065667571074022,0.22076638565164453,0.7792336143483555,0.8095238095238095,0.7674603174603175,2.6995500623874586
Q2_K_XL,2,4+5,6+7+0+1+2+3,6,378,126,1.0,target-temperature,1.0358612982110136,0.9653802123190162,0.22465595154855572,0.04909014507005151,0.21462076137595354,0.7853792386240465,0.8095238095238095,0.7674603174603175,2.6995500623874586
Q2_K_XL,2,4+5,6+7+0+1+2+3,6,378,126,1.0,target-temperature+token,1.0358612982110136,0.9653802123190162,0.21826703199548547,0.04938804710387518,0.22058424664070653,0.7794157533592935,0.8095238095238095,0.7706349206349208,2.6995500623874586
Q2_K_XL,3,6+7,0,1,63,126,0.8,identity,0.9828108461725497,0.8139918307938027,0.2924936707608979,0.06540213691202086,0.2361249921774373,0.7638750078225627,0.746031746031746,0.7349206349206349,1.4737152419779185
Q2_K_XL,3,6+7,0,1,63,126,0.8,target-temperature,0.9828108461725497,0.8139918307938027,0.29216556456129317,0.0659369745041592,0.2377144942864562,0.7622855057135438,0.746031746031746,0.7349206349206349,1.4737152419779185
Q2_K_XL,3,6+7,0,1,63,126,0.8,target-temperature+token,0.9828108461725497,0.8139918307938027,0.3232995489067431,0.07389262329765285,0.2560671704358455,0.7439328295641545,0.7142857142857143,0.719047619047619,1.4737152419779185
Q2_K_XL,3,6+7,0,1,63,126,1.0,identity,1.0461699078260396,0.9558676774387619,0.24630492237303003,0.05642058191272912,0.22725105274135052,0.7727489472586495,0.746031746031746,0.7349206349206349,2.2518942745684907
Q2_K_XL,3,6+7,0,1,63,126,1.0,target-temperature,1.0461699078260396,0.9558676774387619,0.24698065697293814,0.05526532925519796,0.22299508480193625,0.7770049151980638,0.746031746031746,0.7349206349206349,2.2518942745684907
Q2_K_XL,3,6+7,0,1,63,126,1.0,target-temperature+token,1.0461699078260396,0.9558676774387619,0.2640074548544322,0.05995109952511848,0.23559850416176825,0.7644014958382317,0.7142857142857143,0.7222222222222222,2.2518942745684907
Q2_K_XL,3,6+7,0+1,2,126,126,0.8,identity,0.9985314376300879,0.8011765777737736,0.2924936707608979,0.06540213691202086,0.2361249921774373,0.7638750078225627,0.746031746031746,0.7349206349206349,1.4737152419779185
Q2_K_XL,3,6+7,0+1,2,126,126,0.8,target-temperature,0.9985314376300879,0.8011765777737736,0.2924297588898102,0.06544010321054992,0.23624335478644243,0.7637566452135576,0.746031746031746,0.7349206349206349,1.4737152419779185
Q2_K_XL,3,6+7,0+1,2,126,126,0.8,target-temperature+token,0.9985314376300879,0.8011765777737736,0.29350523771997045,0.06627008555875645,0.2383110881631604,0.7616889118368396,0.7619047619047619,0.7253968253968254,1.4737152419779185
Q2_K_XL,3,6+7,0+1,2,126,126,1.0,identity,1.0525251127129354,0.9500960954959552,0.24630492237303003,0.05642058191272912,0.22725105274135052,0.7727489472586495,0.746031746031746,0.7349206349206349,2.2518942745684907
Q2_K_XL,3,6+7,0+1,2,126,126,1.0,target-temperature,1.0525251127129354,0.9500960954959552,0.24779123751152005,0.055259209864305124,0.22275700294765283,0.7772429970523471,0.746031746031746,0.7349206349206349,2.2518942745684907
Q2_K_XL,3,6+7,0+1,2,126,126,1.0,target-temperature+token,1.0525251127129354,0.9500960954959552,0.24729760886320554,0.05573188114546586,0.22443371880281127,0.7755662811971887,0.753968253968254,0.7277777777777776,2.2518942745684907
Q2_K_XL,3,6+7,0+1+2+3,4,252,126,0.8,identity,0.9994272550139103,0.8004584585687183,0.2924936707608979,0.06540213691202086,0.2361249921774373,0.7638750078225627,0.746031746031746,0.7349206349206349,1.4737152419779185
Q2_K_XL,3,6+7,0+1+2+3,4,252,126,0.8,target-temperature,0.9994272550139103,0.8004584585687183,0.29246796251925555,0.06541678078478953,0.23617093883228651,0.7638290611677134,0.746031746031746,0.7349206349206349,1.4737152419779185
Q2_K_XL,3,6+7,0+1+2+3,4,252,126,0.8,target-temperature+token,0.9994272550139103,0.8004584585687183,0.2842050353017819,0.06395726458166147,0.23279470186791013,0.7672052981320898,0.7698412698412699,0.730952380952381,1.4737152419779185
Q2_K_XL,3,6+7,0+1+2+3,4,252,126,1.0,identity,1.0457558240511242,0.956246168561728,0.24630492237303003,0.05642058191272912,0.22725105274135052,0.7727489472586495,0.746031746031746,0.7349206349206349,2.2518942745684907
Q2_K_XL,3,6+7,0+1+2+3,4,252,126,1.0,target-temperature,1.0457558240511242,0.956246168561728,0.246933516787134,0.05526689234828965,0.22301309729273522,0.7769869027072648,0.746031746031746,0.7349206349206349,2.2518942745684907
Q2_K_XL,3,6+7,0+1+2+3,4,252,126,1.0,target-temperature+token,1.0457558240511242,0.956246168561728,0.24141323319115987,0.054516911393053,0.2224462822994548,0.7775537177005452,0.7777777777777778,0.7333333333333335,2.2518942745684907
Q2_K_XL,3,6+7,0+1+2+3+4+5,6,378,126,0.8,identity,0.9976484808473396,0.8018856494629557,0.2924936707608979,0.06540213691202086,0.2361249921774373,0.7638750078225627,0.746031746031746,0.7349206349206349,1.4737152419779185
Q2_K_XL,3,6+7,0+1+2+3+4+5,6,378,126,0.8,target-temperature,0.9976484808473396,0.8018856494629557,0.2923944923014567,0.06546360475536372,0.23631534551400757,0.7636846544859924,0.746031746031746,0.7349206349206349,1.4737152419779185
Q2_K_XL,3,6+7,0+1+2+3+4+5,6,378,126,0.8,target-temperature+token,0.9976484808473396,0.8018856494629557,0.28103047738114023,0.06319377464450007,0.2307583894475589,0.7692416105524411,0.7698412698412699,0.7317460317460319,1.4737152419779185
Q2_K_XL,3,6+7,0+1+2+3+4+5,6,378,126,1.0,identity,1.038559368021183,0.9628722543857535,0.24630492237303003,0.05642058191272912,0.22725105274135052,0.7727489472586495,0.746031746031746,0.7349206349206349,2.2518942745684907
Q2_K_XL,3,6+7,0+1+2+3+4+5,6,378,126,1.0,target-temperature,1.038559368021183,0.9628722543857535,0.24622681612734737,0.055317610887694504,0.2234462271576142,0.7765537728423858,0.746031746031746,0.7349206349206349,2.2518942745684907
Q2_K_XL,3,6+7,0+1+2+3+4+5,6,378,126,1.0,target-temperature+token,1.038559368021183,0.9628722543857535,0.23905177548412776,0.05411751065352292,0.22137278811477004,0.77862721188523,0.7698412698412699,0.730952380952381,2.2518942745684907
Q4_K_XL,0,0+1,2,1,63,126,0.8,identity,0.9955263061672094,0.8035950381663057,0.02080741055025495,0.005254078761402814,0.05732344162858926,0.9426765583714107,0.9444444444444444,0.9230158730158734,1.1522282045912464
Q4_K_XL,0,0+1,2,1,63,126,0.8,target-temperature,0.9955263061672094,0.8035950381663057,0.020838185011175726,0.005273779763327633,0.05756728541009526,0.9424327145899047,0.9444444444444444,0.9230158730158734,1.1522282045912464
Q4_K_XL,0,0+1,2,1,63,126,0.8,target-temperature+token,0.9955263061672094,0.8035950381663057,0.02089600157999357,0.005282842128611135,0.0581080422290793,0.9418919577709207,0.9444444444444444,0.9238095238095242,1.1522282045912464
Q4_K_XL,0,0+1,2,1,63,126,1.0,identity,0.9998397568772442,1.0001602688047295,0.01802100323462946,0.004573945355308836,0.056286455411810356,0.9437135445881897,0.9444444444444444,0.9230158730158734,1.6682375084185166
Q4_K_XL,0,0+1,2,1,63,126,1.0,target-temperature,0.9998397568772442,1.0001602688047295,0.01802052370506985,0.004574295364361951,0.05629276534383887,0.9437072346561611,0.9444444444444444,0.9230158730158734,1.6682375084185166
Q4_K_XL,0,0+1,2,1,63,126,1.0,target-temperature+token,0.9998397568772442,1.0001602688047295,0.01803048779371318,0.004568891838297126,0.05645102421392794,0.9435489757860721,0.9444444444444444,0.9238095238095242,1.6682375084185166
Q4_K_XL,0,0+1,2+3,2,126,126,0.8,identity,1.0006460268120512,0.7994835122153161,0.02080741055025495,0.005254078761402814,0.05732344162858926,0.9426765583714107,0.9444444444444444,0.9230158730158734,1.1522282045912464
Q4_K_XL,0,0+1,2+3,2,126,126,0.8,target-temperature,1.0006460268120512,0.7994835122153161,0.020805807203804247,0.005251928603670216,0.05729057116052082,0.9427094288394792,0.9444444444444444,0.9230158730158734,1.1522282045912464
Q4_K_XL,0,0+1,2+3,2,126,126,0.8,target-temperature+token,1.0006460268120512,0.7994835122153161,0.020867970294805218,0.005271379183678828,0.05872989116623718,0.9412701088337628,0.9523809523809523,0.9253968253968257,1.1522282045912464
Q4_K_XL,0,0+1,2+3,2,126,126,1.0,identity,1.0036831813926193,0.9963303346505131,0.01802100323462946,0.004573945355308836,0.056286455411810356,0.9437135445881897,0.9444444444444444,0.9230158730158734,1.6682375084185166
Q4_K_XL,0,0+1,2+3,2,126,126,1.0,target-temperature,1.0036831813926193,0.9963303346505131,0.018053071499887975,0.004571078174249545,0.05618069950014287,0.9438193004998572,0.9444444444444444,0.9230158730158734,1.6682375084185166
Q4_K_XL,0,0+1,2+3,2,126,126,1.0,target-temperature+token,1.0036831813926193,0.9963303346505131,0.01801227465954213,0.004560018921747195,0.05697678518350103,0.943023214816499,0.9523809523809523,0.9253968253968257,1.6682375084185166
Q4_K_XL,0,0+1,2+3+4+5,4,252,126,0.8,identity,0.9987765623512006,0.8009799490255713,0.02080741055025495,0.005254078761402814,0.05732344162858926,0.9426765583714107,0.9444444444444444,0.9230158730158734,1.1522282045912464
Q4_K_XL,0,0+1,2+3+4+5,4,252,126,0.8,target-temperature,0.9987765623512006,0.8009799490255713,0.020812399823815657,0.005258630211738729,0.05738667869992162,0.9426133213000784,0.9444444444444444,0.9230158730158734,1.1522282045912464
Q4_K_XL,0,0+1,2+3+4+5,4,252,126,0.8,target-temperature+token,0.9987765623512006,0.8009799490255713,0.02052232424485738,0.005196842192032024,0.058191263243627514,0.9418087367563724,0.9444444444444444,0.9269841269841274,1.1522282045912464
Q4_K_XL,0,0+1,2+3+4+5,4,252,126,1.0,identity,1.003243431123146,0.9967670547122198,0.01802100323462946,0.004573945355308836,0.056286455411810356,0.9437135445881897,0.9444444444444444,0.9230158730158734,1.6682375084185166
Q4_K_XL,0,0+1,2+3+4+5,4,252,126,1.0,target-temperature,1.003243431123146,0.9967670547122198,0.018047130506758557,0.00457090800116071,0.056188978083720635,0.9438110219162794,0.9444444444444444,0.9230158730158734,1.6682375084185166
Q4_K_XL,0,0+1,2+3+4+5,4,252,126,1.0,target-temperature+token,1.003243431123146,0.9967670547122198,0.0177942982963511,0.004511572268704325,0.05652136309364095,0.943478636906359,0.9523809523809523,0.9277777777777781,1.6682375084185166
Q4_K_XL,0,0+1,2+3+4+5+6+7,6,378,126,0.8,identity,0.9974421728585435,0.8020515091188705,0.02080741055025495,0.005254078761402814,0.05732344162858926,0.9426765583714107,0.9444444444444444,0.9230158730158734,1.1522282045912464
Q4_K_XL,0,0+1,2+3+4+5+6+7,6,378,126,0.8,target-temperature,0.9974421728585435,0.8020515091188705,0.020820774545644967,0.0052643069116553925,0.05745845080070395,0.942541549199296,0.9444444444444444,0.9230158730158734,1.1522282045912464
Q4_K_XL,0,0+1,2+3+4+5+6+7,6,378,126,0.8,target-temperature+token,0.9974421728585435,0.8020515091188705,0.02061070971049874,0.005218796185452982,0.058319359460841096,0.9416806405391589,0.9444444444444444,0.9277777777777781,1.1522282045912464
Q4_K_XL,0,0+1,2+3+4+5+6+7,6,378,126,1.0,identity,1.0019416512383537,0.9980621114653195,0.01802100323462946,0.004573945355308836,0.056286455411810356,0.9437135445881897,0.9444444444444444,0.9230158730158734,1.6682375084185166
Q4_K_XL,0,0+1,2+3+4+5+6+7,6,378,126,1.0,target-temperature,1.0019416512383537,0.9980621114653195,0.0180328885808715,0.004571215054955329,0.0562166229714675,0.9437833770285325,0.9444444444444444,0.9230158730158734,1.6682375084185166
Q4_K_XL,0,0+1,2+3+4+5+6+7,6,378,126,1.0,target-temperature+token,1.0019416512383537,0.9980621114653195,0.01781630870249578,0.004520744959050063,0.05666530850256916,0.9433346914974309,0.9444444444444444,0.9277777777777781,1.6682375084185166
Q4_K_XL,1,2+3,4,1,63,126,0.8,identity,0.9952841064515782,0.803790590861727,0.01844411243875457,0.004573168012115183,0.05985880105665394,0.940141198943346,0.8968253968253969,0.9214285714285716,1.5384278327385852
Q4_K_XL,1,2+3,4,1,63,126,0.8,target-temperature,0.9952841064515782,0.803790590861727,0.01847842696368704,0.004596170400952984,0.060055778057103416,0.9399442219428966,0.8968253968253969,0.9214285714285716,1.5384278327385852
Q4_K_XL,1,2+3,4,1,63,126,0.8,target-temperature+token,0.9952841064515782,0.803790590861727,0.01742614296674923,0.0043310278692905825,0.05682129432781792,0.9431787056721821,0.9126984126984127,0.9214285714285716,1.5384278327385852
Q4_K_XL,1,2+3,4,1,63,126,1.0,identity,1.002447562121255,0.997558413812613,0.016064966260473084,0.003999942144798947,0.05851838778996456,0.9414816122100355,0.8968253968253969,0.9214285714285716,2.2169082077848454
Q4_K_XL,1,2+3,4,1,63,126,1.0,target-temperature,1.002447562121255,0.997558413812613,0.01604161703121958,0.003987486974248742,0.058399564692514276,0.9416004353074857,0.8968253968253969,0.9214285714285716,2.2169082077848454
Q4_K_XL,1,2+3,4,1,63,126,1.0,target-temperature+token,1.002447562121255,0.997558413812613,0.015184444745372885,0.0037729028074524134,0.05558273142914736,0.9444172685708526,0.9126984126984127,0.9222222222222225,2.2169082077848454
Q4_K_XL,1,2+3,4+5,2,126,126,0.8,identity,0.9973033628664442,0.8021631429183635,0.01844411243875457,0.004573168012115183,0.05985880105665394,0.940141198943346,0.8968253968253969,0.9214285714285716,1.5384278327385852
Q4_K_XL,1,2+3,4+5,2,126,126,0.8,target-temperature,0.9973033628664442,0.8021631429183635,0.018457105529890754,0.004584674303775974,0.05995502334973345,0.9400449766502665,0.8968253968253969,0.9214285714285716,1.5384278327385852
Q4_K_XL,1,2+3,4+5,2,126,126,0.8,target-temperature+token,0.9973033628664442,0.8021631429183635,0.017384639163277957,0.004313147628143234,0.05688624571937751,0.9431137542806225,0.9126984126984127,0.9206349206349208,1.5384278327385852
Q4_K_XL,1,2+3,4+5,2,126,126,1.0,identity,1.0029005039754137,0.9971078846167527,0.016064966260473084,0.003999942144798947,0.05851838778996456,0.9414816122100355,0.8968253968253969,0.9214285714285716,2.2169082077848454
Q4_K_XL,1,2+3,4+5,2,126,126,1.0,target-temperature,1.0029005039754137,0.9971078846167527,0.01603984885318548,0.00398581812135397,0.058382103598556834,0.9416178964014432,0.8968253968253969,0.9214285714285716,2.2169082077848454
Q4_K_XL,1,2+3,4+5,2,126,126,1.0,target-temperature+token,1.0029005039754137,0.9971078846167527,0.015168301795551014,0.003767270790138146,0.05571477661872543,0.9442852233812745,0.9126984126984127,0.9190476190476192,2.2169082077848454
Q4_K_XL,1,2+3,4+5+6+7,4,252,126,0.8,identity,0.9961052250907372,0.8031280027942093,0.01844411243875457,0.004573168012115183,0.05985880105665394,0.940141198943346,0.8968253968253969,0.9214285714285716,1.5384278327385852
Q4_K_XL,1,2+3,4+5+6+7,4,252,126,0.8,target-temperature,0.9961052250907372,0.8031280027942093,0.018468551714869278,0.004591191462938771,0.0600135883851724,0.9399864116148275,0.8968253968253969,0.9214285714285716,1.5384278327385852
Q4_K_XL,1,2+3,4+5+6+7,4,252,126,0.8,target-temperature+token,0.9961052250907372,0.8031280027942093,0.017191184732753436,0.0042766215154338184,0.05630244209204629,0.9436975579079537,0.9285714285714286,0.920634920634921,1.5384278327385852
Q4_K_XL,1,2+3,4+5+6+7,4,252,126,1.0,identity,1.0012284585513729,0.9987730487074346,0.016064966260473084,0.003999942144798947,0.05851838778996456,0.9414816122100355,0.8968253968253969,0.9214285714285716,2.2169082077848454
Q4_K_XL,1,2+3,4+5+6+7,4,252,126,1.0,target-temperature,1.0012284585513729,0.9987730487074346,0.01605032915183794,0.003992962849401978,0.05845114230350281,0.9415488576964972,0.8968253968253969,0.9214285714285716,2.2169082077848454
Q4_K_XL,1,2+3,4+5+6+7,4,252,126,1.0,target-temperature+token,1.0012284585513729,0.9987730487074346,0.015046796869864916,0.0037456356728874296,0.054994258619856455,0.9450057413801436,0.9285714285714286,0.9222222222222225,2.2169082077848454
Q4_K_XL,1,2+3,4+5+6+7+0+1,6,378,126,0.8,identity,0.9973987247030381,0.802086447662332,0.01844411243875457,0.004573168012115183,0.05985880105665394,0.940141198943346,0.8968253968253969,0.9214285714285716,1.5384278327385852
Q4_K_XL,1,2+3,4+5+6+7+0+1,6,378,126,0.8,target-temperature,0.9973987247030381,0.802086447662332,0.018456345142183302,0.004584193126845473,0.05995048980225905,0.940049510197741,0.8968253968253969,0.9214285714285716,1.5384278327385852
Q4_K_XL,1,2+3,4+5+6+7+0+1,6,378,126,0.8,target-temperature+token,0.9973987247030381,0.802086447662332,0.017150876716702373,0.004258278101361181,0.05589041934032268,0.9441095806596773,0.9126984126984127,0.920634920634921,1.5384278327385852
Q4_K_XL,1,2+3,4+5+6+7+0+1,6,378,126,1.0,identity,1.0006754331628318,0.9993250227391943,0.016064966260473084,0.003999942144798947,0.05851838778996456,0.9414816122100355,0.8968253968253969,0.9214285714285716,2.2169082077848454
Q4_K_XL,1,2+3,4+5+6+7+0+1,6,378,126,1.0,target-temperature,1.0006754331628318,0.9993250227391943,0.01605618698629338,0.003995922944280191,0.05847891100338065,0.9415210889966193,0.8968253968253969,0.9214285714285716,2.2169082077848454
Q4_K_XL,1,2+3,4+5+6+7+0+1,6,378,126,1.0,target-temperature+token,1.0006754331628318,0.9993250227391943,0.015034824812686256,0.003738803688573996,0.054851115600582576,0.9451488843994175,0.9126984126984127,0.920634920634921,2.2169082077848454
Q4_K_XL,2,4+5,6,1,63,126,0.8,identity,0.9920031144784415,0.8064490809795597,0.018453989743918608,0.004595169543498722,0.06117098889402168,0.9388290111059783,0.9444444444444444,0.9222222222222225,1.834960805764874
Q4_K_XL,2,4+5,6,1,63,126,0.8,target-temperature,0.9920031144784415,0.8064490809795597,0.01848634375913637,0.004627093396278367,0.061370620498396034,0.938629379501604,0.9444444444444444,0.9222222222222225,1.834960805764874
Q4_K_XL,2,4+5,6,1,63,126,0.8,target-temperature+token,0.9920031144784415,0.8064490809795597,0.019029584026788365,0.004767206675215562,0.06257313585584512,0.9374268641441549,0.9444444444444444,0.9214285714285717,1.834960805764874
Q4_K_XL,2,4+5,6,1,63,126,1.0,identity,0.9960949138880314,1.0039203955943576,0.01599137633671191,0.003988045294935208,0.06065187336202233,0.9393481266379776,0.9444444444444444,0.9222222222222225,2.695542646331383
Q4_K_XL,2,4+5,6,1,63,126,1.0,target-temperature,0.9960949138880314,1.0039203955943576,0.01608623045140416,0.004022165418006998,0.06087893958150328,0.9391210604184967,0.9444444444444444,0.9222222222222225,2.695542646331383
Q4_K_XL,2,4+5,6,1,63,126,1.0,target-temperature+token,0.9960949138880314,1.0039203955943576,0.01633501459237575,0.004089569537958955,0.061575221439274436,0.9384247785607256,0.9365079365079365,0.9214285714285717,2.695542646331383
Q4_K_XL,2,4+5,6+7,2,126,126,0.8,identity,0.9947563260841802,0.8042170519781152,0.018453989743918608,0.004595169543498722,0.06117098889402168,0.9388290111059783,0.9444444444444444,0.9222222222222225,1.834960805764874
Q4_K_XL,2,4+5,6+7,2,126,126,0.8,target-temperature,0.9947563260841802,0.8042170519781152,0.0184528634847298,0.004610502069543813,0.06127162680392138,0.9387283731960786,0.9444444444444444,0.9222222222222225,1.834960805764874
Q4_K_XL,2,4+5,6+7,2,126,126,0.8,target-temperature+token,0.9947563260841802,0.8042170519781152,0.018567345254306863,0.004637011830764202,0.061980010342135905,0.938019989657864,0.9444444444444444,0.9190476190476192,1.834960805764874
Q4_K_XL,2,4+5,6+7,2,126,126,1.0,identity,0.9993817371763716,1.000618645309024,0.01599137633671191,0.003988045294935208,0.06065187336202233,0.9393481266379776,0.9444444444444444,0.9222222222222225,2.695542646331383
Q4_K_XL,2,4+5,6+7,2,126,126,1.0,target-temperature,0.9993817371763716,1.000618645309024,0.016001268697944927,0.003992157973073225,0.060679873398329844,0.9393201266016702,0.9444444444444444,0.9222222222222225,2.695542646331383
Q4_K_XL,2,4+5,6+7,2,126,126,1.0,target-temperature+token,0.9993817371763716,1.000618645309024,0.015937266025668237,0.003976584668598697,0.060750843656350036,0.9392491563436499,0.9444444444444444,0.9182539682539685,2.695542646331383
Q4_K_XL,2,4+5,6+7+0+1,4,252,126,0.8,identity,0.9974646745469833,0.8020334157330781,0.018453989743918608,0.004595169543498722,0.06117098889402168,0.9388290111059783,0.9444444444444444,0.9222222222222225,1.834960805764874
Q4_K_XL,2,4+5,6+7+0+1,4,252,126,0.8,target-temperature,0.9974646745469833,0.8020334157330781,0.018442900780572664,0.004599948971409678,0.06120439605856314,0.9387956039414369,0.9444444444444444,0.9222222222222225,1.834960805764874
Q4_K_XL,2,4+5,6+7+0+1,4,252,126,0.8,target-temperature+token,0.9974646745469833,0.8020334157330781,0.018255004862690962,0.004542661730246493,0.06124289015455685,0.9387571098454431,0.9603174603174603,0.9158730158730161,1.834960805764874
Q4_K_XL,2,4+5,6+7+0+1,4,252,126,1.0,identity,0.9991999918354483,1.0008006486900407,0.01599137633671191,0.003988045294935208,0.06065187336202233,0.9393481266379776,0.9444444444444444,0.9222222222222225,2.695542646331383
Q4_K_XL,2,4+5,6+7+0+1,4,252,126,1.0,target-temperature,0.9991999918354483,1.0008006486900407,0.016004542518047435,0.0039934581940922744,0.0606886320877726,0.9393113679122274,0.9444444444444444,0.9222222222222225,2.695542646331383
Q4_K_XL,2,4+5,6+7+0+1,4,252,126,1.0,target-temperature+token,0.9991999918354483,1.0008006486900407,0.015727245829261275,0.003920171405194303,0.06029000221566391,0.9397099977843361,0.9603174603174603,0.9174603174603176,2.695542646331383
Q4_K_XL,2,4+5,6+7+0+1+2+3,6,378,126,0.8,identity,0.9985870391693707,0.8011319680910777,0.018453989743918608,0.004595169543498722,0.06117098889402168,0.9388290111059783,0.9444444444444444,0.9222222222222225,1.834960805764874
Q4_K_XL,2,4+5,6+7+0+1+2+3,6,378,126,0.8,target-temperature,0.9985870391693707,0.8011319680910777,0.018445386817139486,0.004597229703254137,0.06118499562463756,0.9388150043753625,0.9444444444444444,0.9222222222222225,1.834960805764874
Q4_K_XL,2,4+5,6+7+0+1+2+3,6,378,126,0.8,target-temperature+token,0.9985870391693707,0.8011319680910777,0.017768517301447094,0.004419956514842861,0.06003052966611849,0.9399694703338815,0.9682539682539683,0.9206349206349208,1.834960805764874
Q4_K_XL,2,4+5,6+7+0+1+2+3,6,378,126,1.0,identity,1.0007286882001507,0.9992718423997005,0.01599137633671191,0.003988045294935208,0.06065187336202233,0.9393481266379776,0.9444444444444444,0.9222222222222225,2.695542646331383
Q4_K_XL,2,4+5,6+7+0+1+2+3,6,378,126,1.0,target-temperature,1.0007286882001507,0.9992718423997005,0.01598217603118111,0.003983806352076123,0.060623242656973976,0.9393767573430261,0.9444444444444444,0.9222222222222225,2.695542646331383
Q4_K_XL,2,4+5,6+7+0+1+2+3,6,378,126,1.0,target-temperature+token,1.0007286882001507,0.9992718423997005,0.015360045201811003,0.0038253768089528467,0.05944453663228997,0.94055546336771,0.9682539682539683,0.9206349206349208,2.695542646331383
Q4_K_XL,3,6+7,0,1,63,126,0.8,identity,0.989744477161782,0.8082894307166044,0.02004453744400849,0.004863832408844941,0.05907565241603849,0.9409243475839615,0.9365079365079365,0.9079365079365082,1.4735979542753865
Q4_K_XL,3,6+7,0,1,63,126,0.8,target-temperature,0.989744477161782,0.8082894307166044,0.020041806401274984,0.004903192063715914,0.05924817681021879,0.9407518231897812,0.9365079365079365,0.9079365079365082,1.4735979542753865
Q4_K_XL,3,6+7,0,1,63,126,0.8,target-temperature+token,0.989744477161782,0.8082894307166044,0.02000460859115334,0.004881226053247656,0.05787397811312106,0.942126021886879,0.9285714285714286,0.9071428571428575,1.4735979542753865
Q4_K_XL,3,6+7,0,1,63,126,1.0,identity,0.9899934699592499,1.010107672771985,0.018327343425145002,0.00443663698454918,0.05972622040076821,0.9402737795992318,0.9365079365079365,0.9079365079365082,2.2482784108946547
Q4_K_XL,3,6+7,0,1,63,126,1.0,target-temperature,0.9899934699592499,1.010107672771985,0.018528230981793743,0.004523290916426886,0.060373897740019444,0.9396261022599806,0.9365079365079365,0.9079365079365082,2.2482784108946547
Q4_K_XL,3,6+7,0,1,63,126,1.0,target-temperature+token,0.9899934699592499,1.010107672771985,0.018482666307770044,0.004504647025014929,0.05926854203349771,0.9407314579665023,0.9285714285714286,0.9071428571428575,2.2482784108946547
Q4_K_XL,3,6+7,0+1,2,126,126,0.8,identity,1.0017798364169606,0.7985786606180245,0.02004453744400849,0.004863832408844941,0.05907565241603849,0.9409243475839615,0.9365079365079365,0.9079365079365082,1.4735979542753865
Q4_K_XL,3,6+7,0+1,2,126,126,0.8,target-temperature,1.0017798364169606,0.7985786606180245,0.02007409939057755,0.004864177678565532,0.05907718450298104,0.940922815497019,0.9365079365079365,0.9079365079365082,1.4735979542753865
Q4_K_XL,3,6+7,0+1,2,126,126,0.8,target-temperature+token,1.0017798364169606,0.7985786606180245,0.020251234350561285,0.0048922766382797555,0.05778316115608303,0.9422168388439169,0.9206349206349206,0.9039682539682542,1.4735979542753865
Q4_K_XL,3,6+7,0+1,2,126,126,1.0,identity,0.9989270675429508,1.0010740848775759,0.018327343425145002,0.00443663698454918,0.05972622040076821,0.9402737795992318,0.9365079365079365,0.9079365079365082,2.2482784108946547
Q4_K_XL,3,6+7,0+1,2,126,126,1.0,target-temperature,0.9989270675429508,1.0010740848775759,0.018326948526102692,0.0044404461668709,0.05974631334886669,0.9402536866511333,0.9365079365079365,0.9079365079365082,2.2482784108946547
Q4_K_XL,3,6+7,0+1,2,126,126,1.0,target-temperature+token,0.9989270675429508,1.0010740848775759,0.018507895749720688,0.004478750118268608,0.058917898731232196,0.9410821012687678,0.9206349206349206,0.9039682539682542,2.2482784108946547
Q4_K_XL,3,6+7,0+1+2+3,4,252,126,0.8,identity,1.001115713684934,0.799108423795825,0.02004453744400849,0.004863832408844941,0.05907565241603849,0.9409243475839615,0.9365079365079365,0.9079365079365082,1.4735979542753865
Q4_K_XL,3,6+7,0+1+2+3,4,252,126,0.8,target-temperature,1.001115713684934,0.799108423795825,0.020062077968569007,0.004863803078781393,0.059075741625172096,0.9409242583748278,0.9365079365079365,0.9079365079365082,1.4735979542753865
Q4_K_XL,3,6+7,0+1+2+3,4,252,126,0.8,target-temperature+token,1.001115713684934,0.799108423795825,0.020230034045400924,0.00489719136252585,0.058832026937836165,0.9411679730621638,0.9206349206349206,0.9111111111111114,1.4735979542753865
Q4_K_XL,3,6+7,0+1+2+3,4,252,126,1.0,identity,1.0016107247753283,0.9983918654867742,0.018327343425145002,0.00443663698454918,0.05972622040076821,0.9402737795992318,0.9365079365079365,0.9079365079365082,2.2482784108946547
Q4_K_XL,3,6+7,0+1+2+3,4,252,126,1.0,target-temperature,1.0016107247753283,0.9983918654867742,0.018337667411378617,0.004433327426493104,0.059714169597460516,0.9402858304025394,0.9365079365079365,0.9079365079365082,2.2482784108946547
Q4_K_XL,3,6+7,0+1+2+3,4,252,126,1.0,target-temperature+token,1.0016107247753283,0.9983918654867742,0.01833789583665212,0.0044286078310669195,0.05921521105328799,0.940784788946712,0.9206349206349206,0.9111111111111114,2.2482784108946547
Q4_K_XL,3,6+7,0+1+2+3+4+5,6,378,126,0.8,identity,0.9994903237156482,0.8004079489493863,0.02004453744400849,0.004863832408844941,0.05907565241603849,0.9409243475839615,0.9365079365079365,0.9079365079365082,1.4735979542753865
Q4_K_XL,3,6+7,0+1+2+3+4+5,6,378,126,0.8,target-temperature,0.9994903237156482,0.8004079489493863,0.020037634609288854,0.0048641139899775225,0.05907691340309904,0.9409230865969009,0.9365079365079365,0.9079365079365082,1.4735979542753865
Q4_K_XL,3,6+7,0+1+2+3+4+5,6,378,126,0.8,target-temperature+token,0.9994903237156482,0.8004079489493863,0.020136994078164393,0.004881414375778542,0.05919528033567563,0.9408047196643243,0.9365079365079365,0.9087301587301589,1.4735979542753865
Q4_K_XL,3,6+7,0+1+2+3+4+5,6,378,126,1.0,identity,1.0021521808579947,0.9978524410772103,0.018327343425145002,0.00443663698454918,0.05972622040076821,0.9402737795992318,0.9365079365079365,0.9079365079365082,2.2482784108946547
Q4_K_XL,3,6+7,0+1+2+3+4+5,6,378,126,1.0,target-temperature,1.0021521808579947,0.9978524410772103,0.018343747906791632,0.00443286427534725,0.05971327995591448,0.9402867200440855,0.9365079365079365,0.9079365079365082,2.2482784108946547
Q4_K_XL,3,6+7,0+1+2+3+4+5,6,378,126,1.0,target-temperature+token,1.0021521808579947,0.9978524410772103,0.018241560842124208,0.004402001288204695,0.05931317600443006,0.9406868239955699,0.9365079365079365,0.9079365079365082,2.2482784108946547
