block,chunks,positions,method,scale,kl,js,tv,top1_agreement,top10_overlap
0,0,63,identity,1.0293006839980887,0.35897476309108284,0.08311858559239295,0.28655974931944717,0.5873015873015873,0.7000000000000001
0,0,63,frozen-target-temperature,1.0293006839980887,0.35510187482173855,0.08126746638364471,0.2814012686869815,0.5873015873015873,0.7000000000000001
0,0,63,frozen-temperature+token,1.0293006839980887,0.3440551652965342,0.07787101111686096,0.27140577443627456,0.6190476190476191,0.711111111111111
0,0,63,frozen-pairwise-gap,1.0293006839980887,0.3441376490171795,0.07775117721610145,0.2710492783890887,0.6190476190476191,0.711111111111111
1,1,63,identity,1.0293006839980887,0.2123911673138448,0.05200872880490697,0.1799409919202088,0.7777777777777778,0.703174603174603
1,1,63,frozen-target-temperature,1.0293006839980887,0.21414139529504653,0.05158135077503373,0.17791447890618467,0.7777777777777778,0.703174603174603
1,1,63,frozen-temperature+token,1.0293006839980887,0.22410376790710987,0.05342855905911123,0.1839277596730203,0.7936507936507936,0.6968253968253966
1,1,63,frozen-pairwise-gap,1.0293006839980887,0.22498341039871303,0.053519320898300755,0.18438366177606894,0.7936507936507936,0.6968253968253966
2,2,63,identity,1.0293006839980887,0.1783270248423827,0.03926221203911128,0.13090868645163006,0.873015873015873,0.7555555555555552
2,2,63,frozen-target-temperature,1.0293006839980887,0.17941354441220128,0.0387353245089099,0.1287227319111877,0.873015873015873,0.7555555555555552
2,2,63,frozen-temperature+token,1.0293006839980887,0.1838756471277048,0.04077878315848045,0.13380828014561272,0.8571428571428571,0.7841269841269838
2,2,63,frozen-pairwise-gap,1.0293006839980887,0.18489300437333475,0.04091260086459224,0.1338570052383509,0.8571428571428571,0.7841269841269838
3,3,63,identity,1.0293006839980887,0.28225924961949145,0.06550590328578929,0.19504659870193272,0.8095238095238095,0.6984126984126982
3,3,63,frozen-target-temperature,1.0293006839980887,0.2790125773587969,0.06368370115297863,0.18888678018049937,0.8095238095238095,0.6984126984126982
3,3,63,frozen-temperature+token,1.0293006839980887,0.29167459855911476,0.06685651493294353,0.19721950057636414,0.7936507936507936,0.7095238095238094
3,3,63,frozen-pairwise-gap,1.0293006839980887,0.2912197504186755,0.066556442062762,0.1961451703293048,0.7936507936507936,0.7095238095238094
4,4,63,identity,1.0293006839980887,0.24175190883389922,0.05620705249828602,0.1860262502302626,0.8571428571428571,0.7253968253968255
4,4,63,frozen-target-temperature,1.0293006839980887,0.24600487333930748,0.05596348345178376,0.18417755648103526,0.8571428571428571,0.7253968253968255
4,4,63,frozen-temperature+token,1.0293006839980887,0.23981669412556933,0.05575326172494874,0.18762178396815715,0.8571428571428571,0.7317460317460318
4,4,63,frozen-pairwise-gap,1.0293006839980887,0.23970015755843532,0.05558223241734183,0.18684197476671333,0.8571428571428571,0.7317460317460318
5,5,63,identity,1.0293006839980887,0.158093353468673,0.03718031282909078,0.14556777073110252,0.873015873015873,0.7492063492063492
5,5,63,frozen-target-temperature,1.0293006839980887,0.15964834244444015,0.036783539414974156,0.1433847442848092,0.873015873015873,0.7492063492063492
5,5,63,frozen-temperature+token,1.0293006839980887,0.16626411261578355,0.0386814471218894,0.1478340233322816,0.873015873015873,0.7555555555555556
5,5,63,frozen-pairwise-gap,1.0293006839980887,0.16639246517807416,0.03859675808463948,0.14748594514354404,0.873015873015873,0.7555555555555556
6,6,63,identity,1.0293006839980887,0.1496181901327972,0.033019216736458426,0.14602794841203331,0.7936507936507936,0.7857142857142856
6,6,63,frozen-target-temperature,1.0293006839980887,0.1490702219756145,0.03238188407024546,0.14359693152241626,0.7936507936507936,0.7857142857142856
6,6,63,frozen-temperature+token,1.0293006839980887,0.15753378284451025,0.03449294061900191,0.15290460159351504,0.7936507936507936,0.7746031746031744
6,6,63,frozen-pairwise-gap,1.0293006839980887,0.15732537619520295,0.034365197610126075,0.15250621004008966,0.7936507936507936,0.7746031746031744
7,7,63,identity,1.0293006839980887,0.132005886157405,0.030743435621558752,0.13442801739536836,0.9206349206349206,0.7634920634920634
7,7,63,frozen-target-temperature,1.0293006839980887,0.12992574542453772,0.029529315944357114,0.12978960372607115,0.9206349206349206,0.7634920634920634
7,7,63,frozen-temperature+token,1.0293006839980887,0.14066552612141692,0.032615186933780904,0.14200649098775145,0.873015873015873,0.7539682539682541
7,7,63,frozen-pairwise-gap,1.0293006839980887,0.14061046817960135,0.03248274930639391,0.14136528023416245,0.873015873015873,0.7539682539682541
8,8,63,identity,1.0293006839980887,0.16326078249787906,0.03818277558962,0.14990605654903588,0.8253968253968254,0.7587301587301586
8,8,63,frozen-target-temperature,1.0293006839980887,0.16310594732932543,0.037588795875918984,0.147638378203349,0.8253968253968254,0.7587301587301586
8,8,63,frozen-temperature+token,1.0293006839980887,0.16356952300841465,0.03774161369789025,0.14532150398389296,0.8253968253968254,0.7507936507936508
8,8,63,frozen-pairwise-gap,1.0293006839980887,0.16443470279015837,0.03787883110826934,0.14589668507835254,0.8253968253968254,0.7507936507936508
9,9,63,identity,1.0293006839980887,0.1393079720283113,0.032813828779937285,0.1420997512125935,0.873015873015873,0.7476190476190473
9,9,63,frozen-target-temperature,1.0293006839980887,0.1402423799868165,0.03250452461942953,0.14015704136609014,0.873015873015873,0.7476190476190473
9,9,63,frozen-temperature+token,1.0293006839980887,0.14108683152898552,0.032692181091580334,0.14412988131488838,0.8888888888888888,0.7603174603174601
9,9,63,frozen-pairwise-gap,1.0293006839980887,0.14122851046449128,0.032639710323669975,0.14381268364841465,0.8888888888888888,0.7603174603174601
10,10,63,identity,1.0293006839980887,0.16973193981552914,0.039077362873013166,0.16947534292460534,0.7936507936507936,0.76031746031746
10,10,63,frozen-target-temperature,1.0293006839980887,0.16861707131300088,0.03806524682260557,0.165481506142085,0.7936507936507936,0.76031746031746
10,10,63,frozen-temperature+token,1.0293006839980887,0.18034509403049998,0.04156499128992639,0.18093645969718286,0.7777777777777778,0.7698412698412695
10,10,63,frozen-pairwise-gap,1.0293006839980887,0.17953605416982132,0.041268663962022896,0.18009410168563458,0.7777777777777778,0.7698412698412695
11,11,63,identity,1.0293006839980887,0.17066371182187642,0.041409470309822095,0.17885826125400694,0.8571428571428571,0.7365079365079362
11,11,63,frozen-target-temperature,1.0293006839980887,0.1697543635366364,0.040424769578833536,0.17496308534607677,0.8571428571428571,0.7365079365079362
11,11,63,frozen-temperature+token,1.0293006839980887,0.18330796061782878,0.044385163864747695,0.18722231891553684,0.8412698412698413,0.7301587301587302
11,11,63,frozen-pairwise-gap,1.0293006839980887,0.18368737648300407,0.04440946176549341,0.18696870605814736,0.8412698412698413,0.7301587301587302
12,12,63,identity,1.0293006839980887,0.2415740800259819,0.05498058482245947,0.21844320846642373,0.746031746031746,0.7460317460317458
12,12,63,frozen-target-temperature,1.0293006839980887,0.2469607252557058,0.0550334711840978,0.2173332810842906,0.746031746031746,0.7460317460317458
12,12,63,frozen-temperature+token,1.0293006839980887,0.260747677256238,0.05833752268257634,0.22618307943910335,0.6825396825396826,0.7476190476190475
12,12,63,frozen-pairwise-gap,1.0293006839980887,0.2618595797370383,0.05839447810832517,0.22627174450652687,0.6825396825396826,0.7476190476190475
13,13,63,identity,1.0293006839980887,0.20502137877141238,0.05044879016636565,0.1872308281025635,0.873015873015873,0.7444444444444441
13,13,63,frozen-target-temperature,1.0293006839980887,0.2027766795351928,0.049055975646829425,0.18284578017837944,0.873015873015873,0.7444444444444441
13,13,63,frozen-temperature+token,1.0293006839980887,0.2094134860182903,0.050752604977874906,0.18853335649202352,0.8571428571428571,0.7412698412698409
13,13,63,frozen-pairwise-gap,1.0293006839980887,0.20861678957669683,0.050484463878607,0.18770672879180625,0.8571428571428571,0.7412698412698409
14,14,63,identity,1.0293006839980887,0.11473937750871303,0.02800214620728003,0.12689471671336613,0.873015873015873,0.7841269841269839
14,14,63,frozen-target-temperature,1.0293006839980887,0.11495304207485256,0.02733360539654192,0.12308169069711795,0.873015873015873,0.7841269841269839
14,14,63,frozen-temperature+token,1.0293006839980887,0.12304121430478307,0.029249871632511283,0.13193198336525142,0.8888888888888888,0.7777777777777776
14,14,63,frozen-pairwise-gap,1.0293006839980887,0.12324775569939427,0.029179459324675538,0.13169483370277024,0.8888888888888888,0.7777777777777776
15,15,63,identity,1.0293006839980887,0.13255645795880214,0.032407036755613954,0.1326083387840622,0.9047619047619048,0.7460317460317457
15,15,63,frozen-target-temperature,1.0293006839980887,0.12980257137741494,0.03116972882965496,0.1279990175813475,0.9047619047619048,0.7460317460317457
15,15,63,frozen-temperature+token,1.0293006839980887,0.13629896070174502,0.033293927557672055,0.1366997011110903,0.9047619047619048,0.7492063492063488
15,15,63,frozen-pairwise-gap,1.0293006839980887,0.13591766880157105,0.033144873158480775,0.13624962971128285,0.9047619047619048,0.7492063492063488
16,16,63,identity,1.0293006839980887,0.14820868074461116,0.03508668456488402,0.14801920806370408,0.8888888888888888,0.7555555555555554
16,16,63,frozen-target-temperature,1.0293006839980887,0.14429223419701737,0.03352983646332389,0.14242840842550725,0.8888888888888888,0.7555555555555554
16,16,63,frozen-temperature+token,1.0293006839980887,0.15829758704561125,0.037436644492861514,0.15561038115719655,0.8571428571428571,0.746031746031746
16,16,63,frozen-pairwise-gap,1.0293006839980887,0.15819025999947534,0.0373274867084075,0.15505257077418963,0.8571428571428571,0.746031746031746
17,17,63,identity,1.0293006839980887,0.11943335282656485,0.03079023736012341,0.14744947771124692,0.873015873015873,0.7888888888888886
17,17,63,frozen-target-temperature,1.0293006839980887,0.11418413797888514,0.02902673572197243,0.1407824706615504,0.873015873015873,0.7888888888888886
17,17,63,frozen-temperature+token,1.0293006839980887,0.12348862783428717,0.0314642514756905,0.1507391755296924,0.873015873015873,0.8015873015873015
17,17,63,frozen-pairwise-gap,1.0293006839980887,0.12271381974492492,0.0312039017457362,0.1500191153578617,0.873015873015873,0.8015873015873015
18,18,63,identity,1.0293006839980887,0.17403690477491038,0.04273622676476846,0.17944100579635455,0.8253968253968254,0.7555555555555554
18,18,63,frozen-target-temperature,1.0293006839980887,0.17114707615623564,0.04146578290986465,0.17409657969288392,0.8253968253968254,0.7555555555555554
18,18,63,frozen-temperature+token,1.0293006839980887,0.19143760380073435,0.046888568228385594,0.1884321237176951,0.8571428571428571,0.7539682539682536
18,18,63,frozen-pairwise-gap,1.0293006839980887,0.190982931363023,0.04668463295167886,0.18755040727189942,0.8571428571428571,0.7539682539682536
19,19,63,identity,1.0293006839980887,0.17047300655128828,0.038603918767925335,0.17100599072822645,0.8253968253968254,0.7539682539682542
19,19,63,frozen-target-temperature,1.0293006839980887,0.17283361039062115,0.038464329739877276,0.16975619290180902,0.8253968253968254,0.7539682539682542
19,19,63,frozen-temperature+token,1.0293006839980887,0.1929040598168554,0.04290167571693582,0.18372549410135186,0.8095238095238095,0.7396825396825399
19,19,63,frozen-pairwise-gap,1.0293006839980887,0.19347785926042252,0.04293065823274751,0.18370406097551445,0.8095238095238095,0.7396825396825399
20,20,63,identity,1.0293006839980887,0.10200570834686604,0.024134358864443425,0.11405028206773977,0.9047619047619048,0.7682539682539681
20,20,63,frozen-target-temperature,1.0293006839980887,0.10159592278052526,0.02350076667945364,0.11083728952842677,0.9047619047619048,0.7682539682539681
20,20,63,frozen-temperature+token,1.0293006839980887,0.10476827326961202,0.024518291631290354,0.11400485949443555,0.9206349206349206,0.7666666666666665
20,20,63,frozen-pairwise-gap,1.0293006839980887,0.10420109756079904,0.02432489644125723,0.11311741658377793,0.9206349206349206,0.7666666666666665
21,21,63,identity,1.0293006839980887,0.1643475445747444,0.03766042036666932,0.16486892176364923,0.8571428571428571,0.7650793650793646
21,21,63,frozen-target-temperature,1.0293006839980887,0.16481787612058799,0.037023706786797964,0.16107614359233488,0.8571428571428571,0.7650793650793646
21,21,63,frozen-temperature+token,1.0293006839980887,0.18968287360675368,0.042672282569860234,0.1784155146945362,0.8095238095238095,0.7492063492063489
21,21,63,frozen-pairwise-gap,1.0293006839980887,0.18996740440668708,0.042621634494747984,0.17809930612704963,0.8095238095238095,0.7492063492063489
22,22,63,identity,1.0293006839980887,0.21352234819300783,0.04599120350830904,0.17196261700007362,0.8888888888888888,0.7555555555555554
22,22,63,frozen-target-temperature,1.0293006839980887,0.21295054422291712,0.04508316615166027,0.16818806048198034,0.8888888888888888,0.7555555555555554
22,22,63,frozen-temperature+token,1.0293006839980887,0.2196452238950782,0.047153421971957876,0.17220872334930226,0.8412698412698413,0.7460317460317459
22,22,63,frozen-pairwise-gap,1.0293006839980887,0.2176184067706388,0.04689544868513803,0.17143863538532456,0.8412698412698413,0.7460317460317459
23,23,63,identity,1.0293006839980887,0.17707007332375882,0.03323492759395117,0.13532708672074364,0.873015873015873,0.7650793650793651
23,23,63,frozen-target-temperature,1.0293006839980887,0.18054029238201266,0.03293143425229345,0.134495912644665,0.873015873015873,0.7650793650793651
23,23,63,frozen-temperature+token,1.0293006839980887,0.18731743566181874,0.03561814092469082,0.1430866384679695,0.873015873015873,0.7587301587301586
23,23,63,frozen-pairwise-gap,1.0293006839980887,0.18602457467710976,0.03576397374030035,0.14366874218428183,0.873015873015873,0.7587301587301586
24,24,63,identity,1.0293006839980887,0.13609821443157583,0.03002998555763721,0.1292984338270074,0.9206349206349206,0.7365079365079367
24,24,63,frozen-target-temperature,1.0293006839980887,0.13695403046078553,0.029349231409817336,0.1255707154997091,0.9206349206349206,0.7365079365079367
24,24,63,frozen-temperature+token,1.0293006839980887,0.14899299051918732,0.03139285736026393,0.13418205925522675,0.9047619047619048,0.7412698412698413
24,24,63,frozen-pairwise-gap,1.0293006839980887,0.14965175454355717,0.03137307082002691,0.13395904590788457,0.9047619047619048,0.7412698412698413
25,25,63,identity,1.0293006839980887,0.18045777839339788,0.04176737411224932,0.17809529208790836,0.8095238095238095,0.7999999999999996
25,25,63,frozen-target-temperature,1.0293006839980887,0.18332005394647707,0.0416861256577313,0.17617982889633785,0.8095238095238095,0.7999999999999996
25,25,63,frozen-temperature+token,1.0293006839980887,0.18115442521736136,0.04159811207278193,0.17518175939429284,0.8095238095238095,0.7984126984126982
25,25,63,frozen-pairwise-gap,1.0293006839980887,0.18183883691818536,0.04164206065035864,0.17512867121243272,0.8095238095238095,0.7984126984126982
26,26,63,identity,1.0293006839980887,0.25625015809722157,0.05330204190191485,0.196178148882895,0.7777777777777778,0.7428571428571428
26,26,63,frozen-target-temperature,1.0293006839980887,0.26025114097937424,0.05314748390359765,0.19442167942951463,0.7777777777777778,0.7428571428571428
26,26,63,frozen-temperature+token,1.0293006839980887,0.26784994056035866,0.05576791815091332,0.20469779570576083,0.7619047619047619,0.7492063492063493
26,26,63,frozen-pairwise-gap,1.0293006839980887,0.26709844307056146,0.055790425114898116,0.20466663427146833,0.7619047619047619,0.7492063492063493
27,27,63,identity,1.0293006839980887,0.2200505136256115,0.051983526987459686,0.19949734658420795,0.8095238095238095,0.7555555555555554
27,27,63,frozen-target-temperature,1.0293006839980887,0.22146975852984382,0.05125948362157136,0.19641556180819514,0.8095238095238095,0.7555555555555554
27,27,63,frozen-temperature+token,1.0293006839980887,0.2457163220439272,0.0572791516880447,0.21236678757547342,0.8253968253968254,0.7492063492063492
27,27,63,frozen-pairwise-gap,1.0293006839980887,0.24595671745054937,0.05713428422039504,0.21179891601150055,0.8253968253968254,0.7492063492063492
28,28,63,identity,1.0293006839980887,0.16815879660064492,0.04077909762531998,0.18310668737700317,0.7142857142857143,0.7603174603174598
28,28,63,frozen-target-temperature,1.0293006839980887,0.1656763007433536,0.039769582563876596,0.17840662649455255,0.7142857142857143,0.7603174603174598
28,28,63,frozen-temperature+token,1.0293006839980887,0.18295139528611257,0.043876144519388295,0.19354923115590136,0.6984126984126984,0.7777777777777775
28,28,63,frozen-pairwise-gap,1.0293006839980887,0.18292268079362614,0.04380263555576627,0.19320703257062943,0.6984126984126984,0.7777777777777775
29,29,63,identity,1.0293006839980887,0.11027228026396885,0.02860156926637572,0.1104521546325897,0.9523809523809523,0.7952380952380952
29,29,63,frozen-target-temperature,1.0293006839980887,0.10698582364980959,0.027219030146927056,0.10561253503277082,0.9523809523809523,0.7952380952380952
29,29,63,frozen-temperature+token,1.0293006839980887,0.11467635226425898,0.029171114732018853,0.11233599482268447,0.9365079365079365,0.7920634920634919
29,29,63,frozen-pairwise-gap,1.0293006839980887,0.11442182623392026,0.029001782723412934,0.11209611151321083,0.9365079365079365,0.7920634920634919
30,30,63,identity,1.0293006839980887,0.17802683550493828,0.0411645616953586,0.1747543837621584,0.8571428571428571,0.806349206349206
30,30,63,frozen-target-temperature,1.0293006839980887,0.17843003253258774,0.04043784837061439,0.17178886934674525,0.8571428571428571,0.806349206349206
30,30,63,frozen-temperature+token,1.0293006839980887,0.1804589096451814,0.04096805859146396,0.17097523797275285,0.8412698412698413,0.8126984126984123
30,30,63,frozen-pairwise-gap,1.0293006839980887,0.1810074691603788,0.04095745884177343,0.17057912403779996,0.8412698412698413,0.8126984126984123
31,31,63,identity,1.0293006839980887,0.16607075346183373,0.04052333141554639,0.16528413499555397,0.8571428571428571,0.7682539682539676
31,31,63,frozen-target-temperature,1.0293006839980887,0.1645263958948577,0.03934488489573973,0.16019496278292064,0.8571428571428571,0.7682539682539676
31,31,63,frozen-temperature+token,1.0293006839980887,0.1701660662615526,0.04126414967453159,0.16752510798198456,0.8412698412698413,0.7730158730158724
31,31,63,frozen-pairwise-gap,1.0293006839980887,0.1698093986017135,0.04104614671697105,0.16663409374450092,0.8412698412698413,0.7730158730158724
