source,trial,calibration_contexts,method,temperature,top_p,js,tv
controlled:scale,0,16,"same T,p",0.8,0.95,0.033742263988308305,0.1668316548003529
controlled:scale,0,16,tuned T,0.65,0.95,0.0014857969128881652,0.02245161536415662
controlled:scale,0,16,"tuned T,p",0.65,0.95,0.0014857969128881652,0.02245161536415662
controlled:scale,0,16,temperature+rank,0.8,0.95,0.0012575810229056089,0.021471475816162693
controlled:scale,0,16,temperature+token-bias+PCA,0.8,0.95,0.0013137517407827743,0.022202336391447138
controlled:scale,0,64,"same T,p",0.8,0.95,0.033742263988308305,0.1668316548003529
controlled:scale,0,64,tuned T,0.65,0.95,0.0014857969128881652,0.02245161536415662
controlled:scale,0,64,"tuned T,p",0.65,0.95,0.0014857969128881652,0.02245161536415662
controlled:scale,0,64,temperature+rank,0.8,0.95,0.001201644934174941,0.02084156222420386
controlled:scale,0,64,temperature+token-bias+PCA,0.8,0.95,0.0012130345652806133,0.020998553965501175
controlled:scale,1,16,"same T,p",0.8,0.95,0.033742263988308305,0.1668316548003529
controlled:scale,1,16,tuned T,0.65,0.95,0.0014857969128881652,0.02245161536415662
controlled:scale,1,16,"tuned T,p",0.65,0.95,0.0014857969128881652,0.02245161536415662
controlled:scale,1,16,temperature+rank,0.8,0.95,0.0012261613305710735,0.021321396891072666
controlled:scale,1,16,temperature+token-bias+PCA,0.8,0.95,0.0012335106644060082,0.021255408726189
controlled:scale,1,64,"same T,p",0.8,0.95,0.033742263988308305,0.1668316548003529
controlled:scale,1,64,tuned T,0.65,0.95,0.0014857969128881652,0.02245161536415662
controlled:scale,1,64,"tuned T,p",0.65,0.95,0.0014857969128881652,0.02245161536415662
controlled:scale,1,64,temperature+rank,0.8,0.95,0.001212107483804008,0.020901207917510618
controlled:scale,1,64,temperature+token-bias+PCA,0.8,0.95,0.0012260084797215555,0.021024499782471163
controlled:scale,2,16,"same T,p",0.8,0.95,0.033742263988308305,0.1668316548003529
controlled:scale,2,16,tuned T,0.65,0.95,0.0014857969128881652,0.02245161536415662
controlled:scale,2,16,"tuned T,p",0.65,0.95,0.0014857969128881652,0.02245161536415662
controlled:scale,2,16,temperature+rank,0.8,0.95,0.0012069417778246606,0.020878702065631125
controlled:scale,2,16,temperature+token-bias+PCA,0.8,0.95,0.0012349812916932768,0.021299791848601052
controlled:scale,2,64,"same T,p",0.8,0.95,0.033742263988308305,0.1668316548003529
controlled:scale,2,64,tuned T,0.65,0.95,0.0014857969128881652,0.02245161536415662
controlled:scale,2,64,"tuned T,p",0.65,0.95,0.0014857969128881652,0.02245161536415662
controlled:scale,2,64,temperature+rank,0.8,0.95,0.0012104762799789895,0.02088761972824536
controlled:scale,2,64,temperature+token-bias+PCA,0.8,0.95,0.0012116365151448782,0.020994795177540784
controlled:scale,3,16,"same T,p",0.8,0.95,0.033742263988308305,0.1668316548003529
controlled:scale,3,16,tuned T,0.65,0.95,0.0014857969128881652,0.02245161536415662
controlled:scale,3,16,"tuned T,p",0.65,0.95,0.0014857969128881652,0.02245161536415662
controlled:scale,3,16,temperature+rank,0.8,0.95,0.0012103831840521496,0.020984751235778417
controlled:scale,3,16,temperature+token-bias+PCA,0.8,0.95,0.0012485110823891564,0.021418755787621726
controlled:scale,3,64,"same T,p",0.8,0.95,0.033742263988308305,0.1668316548003529
controlled:scale,3,64,tuned T,0.65,0.95,0.0014857969128881652,0.02245161536415662
controlled:scale,3,64,"tuned T,p",0.65,0.95,0.0014857969128881652,0.02245161536415662
controlled:scale,3,64,temperature+rank,0.8,0.95,0.001204970858096764,0.02083674188390693
controlled:scale,3,64,temperature+token-bias+PCA,0.8,0.95,0.001213926633357312,0.020943076065230114
controlled:scale,4,16,"same T,p",0.8,0.95,0.033742263988308305,0.1668316548003529
controlled:scale,4,16,tuned T,0.65,0.95,0.0014857969128881652,0.02245161536415662
controlled:scale,4,16,"tuned T,p",0.65,0.95,0.0014857969128881652,0.02245161536415662
controlled:scale,4,16,temperature+rank,0.8,0.95,0.0012035579270923303,0.020875496350326365
controlled:scale,4,16,temperature+token-bias+PCA,0.8,0.95,0.0012365877533962314,0.02144730173160805
controlled:scale,4,64,"same T,p",0.8,0.95,0.033742263988308305,0.1668316548003529
controlled:scale,4,64,tuned T,0.65,0.95,0.0014857969128881652,0.02245161536415662
controlled:scale,4,64,"tuned T,p",0.65,0.95,0.0014857969128881652,0.02245161536415662
controlled:scale,4,64,temperature+rank,0.8,0.95,0.001207558821513678,0.020994892911257446
controlled:scale,4,64,temperature+token-bias+PCA,0.8,0.95,0.0012149942027329921,0.021060766308486373
controlled:mixed,0,16,"same T,p",0.8,0.95,0.05591800720802073,0.24164358589141183
controlled:mixed,0,16,tuned T,0.675,0.95,0.03821969134592493,0.1950986301873258
controlled:mixed,0,16,"tuned T,p",0.675,0.96,0.038115236661464116,0.19507146888534965
controlled:mixed,0,16,temperature+rank,0.8,0.95,0.03848911744629455,0.1954016167383965
controlled:mixed,0,16,temperature+token-bias+PCA,0.8,0.95,0.0076595850279930315,0.07650839006559912
controlled:mixed,0,64,"same T,p",0.8,0.95,0.05591800720802073,0.24164358589141183
controlled:mixed,0,64,tuned T,0.675,0.95,0.03821969134592493,0.1950986301873258
controlled:mixed,0,64,"tuned T,p",0.65,0.96,0.037847397669531574,0.1951471462718311
controlled:mixed,0,64,temperature+rank,0.8,0.95,0.038198711933638906,0.19426181608617704
controlled:mixed,0,64,temperature+token-bias+PCA,0.8,0.95,0.005169145695462728,0.0601166997557955
controlled:mixed,1,16,"same T,p",0.8,0.95,0.05591800720802073,0.24164358589141183
controlled:mixed,1,16,tuned T,0.675,0.95,0.03821969134592493,0.1950986301873258
controlled:mixed,1,16,"tuned T,p",0.65,0.96,0.037847397669531574,0.1951471462718311
controlled:mixed,1,16,temperature+rank,0.8,0.95,0.038421244949475374,0.1950064124718436
controlled:mixed,1,16,temperature+token-bias+PCA,0.8,0.95,0.005937567193562844,0.06631521033975785
controlled:mixed,1,64,"same T,p",0.8,0.95,0.05591800720802073,0.24164358589141183
controlled:mixed,1,64,tuned T,0.675,0.95,0.03821969134592493,0.1950986301873258
controlled:mixed,1,64,"tuned T,p",0.65,0.96,0.037847397669531574,0.1951471462718311
controlled:mixed,1,64,temperature+rank,0.8,0.95,0.038147032816205455,0.19390839080093616
controlled:mixed,1,64,temperature+token-bias+PCA,0.8,0.95,0.004685036363417208,0.057076201471486385
controlled:mixed,2,16,"same T,p",0.8,0.95,0.05591800720802073,0.24164358589141183
controlled:mixed,2,16,tuned T,0.675,0.95,0.03821969134592493,0.1950986301873258
controlled:mixed,2,16,"tuned T,p",0.65,0.96,0.037847397669531574,0.1951471462718311
controlled:mixed,2,16,temperature+rank,0.8,0.95,0.03835006358207222,0.19503504727205842
controlled:mixed,2,16,temperature+token-bias+PCA,0.8,0.95,0.006309409241830298,0.06926665121523216
controlled:mixed,2,64,"same T,p",0.8,0.95,0.05591800720802073,0.24164358589141183
controlled:mixed,2,64,tuned T,0.675,0.95,0.03821969134592493,0.1950986301873258
controlled:mixed,2,64,"tuned T,p",0.65,0.96,0.037847397669531574,0.1951471462718311
controlled:mixed,2,64,temperature+rank,0.8,0.95,0.03801928172870534,0.19386239685907458
controlled:mixed,2,64,temperature+token-bias+PCA,0.8,0.95,0.00458975473017624,0.05640196594364151
controlled:mixed,3,16,"same T,p",0.8,0.95,0.05591800720802073,0.24164358589141183
controlled:mixed,3,16,tuned T,0.675,0.95,0.03821969134592493,0.1950986301873258
controlled:mixed,3,16,"tuned T,p",0.65,0.96,0.037847397669531574,0.1951471462718311
controlled:mixed,3,16,temperature+rank,0.8,0.95,0.03857373773123054,0.1955747077517562
controlled:mixed,3,16,temperature+token-bias+PCA,0.8,0.95,0.00667093823749933,0.07075115444457972
controlled:mixed,3,64,"same T,p",0.8,0.95,0.05591800720802073,0.24164358589141183
controlled:mixed,3,64,tuned T,0.675,0.95,0.03821969134592493,0.1950986301873258
controlled:mixed,3,64,"tuned T,p",0.65,0.96,0.037847397669531574,0.1951471462718311
controlled:mixed,3,64,temperature+rank,0.8,0.95,0.03805386626250648,0.19388572479306534
controlled:mixed,3,64,temperature+token-bias+PCA,0.8,0.95,0.00457488145357408,0.05605125928391753
controlled:mixed,4,16,"same T,p",0.8,0.95,0.05591800720802073,0.24164358589141183
controlled:mixed,4,16,tuned T,0.675,0.95,0.03821969134592493,0.1950986301873258
controlled:mixed,4,16,"tuned T,p",0.65,0.97,0.037952995703906624,0.19564990181955028
controlled:mixed,4,16,temperature+rank,0.8,0.95,0.03918226810193232,0.19739040950608264
controlled:mixed,4,16,temperature+token-bias+PCA,0.8,0.95,0.007163129516870178,0.07398302454157966
controlled:mixed,4,64,"same T,p",0.8,0.95,0.05591800720802073,0.24164358589141183
controlled:mixed,4,64,tuned T,0.675,0.95,0.03821969134592493,0.1950986301873258
controlled:mixed,4,64,"tuned T,p",0.675,0.96,0.038115236661464116,0.19507146888534965
controlled:mixed,4,64,temperature+rank,0.8,0.95,0.038446623195328,0.19507222071850958
controlled:mixed,4,64,temperature+token-bias+PCA,0.8,0.95,0.005065516567861732,0.05910466849973202
micro-lm:Q4,0,16,"same T,p",0.8,0.95,0.013446790166199207,0.10412465035915375
micro-lm:Q4,0,16,tuned T,0.825,0.95,0.013959147036075592,0.1054549291729927
micro-lm:Q4,0,16,"tuned T,p",0.8,0.96,0.01397467590868473,0.10507725179195404
micro-lm:Q4,0,16,temperature+rank,0.8,0.95,0.013696980706298769,0.10589194519037635
micro-lm:Q4,0,16,temperature+token-bias+PCA,0.8,0.95,0.00931528303772211,0.08207771927118301
micro-lm:Q4,0,64,"same T,p",0.8,0.95,0.013446790166199207,0.10412465035915375
micro-lm:Q4,0,64,tuned T,0.8,0.95,0.013446790166199207,0.10412465035915375
micro-lm:Q4,0,64,"tuned T,p",0.8,0.95,0.013446790166199207,0.10412465035915375
micro-lm:Q4,0,64,temperature+rank,0.8,0.95,0.013504772579228245,0.10431088819548953
micro-lm:Q4,0,64,temperature+token-bias+PCA,0.8,0.95,0.008197300136089325,0.07507986575365067
micro-lm:Q4,1,16,"same T,p",0.8,0.95,0.013446790166199207,0.10412465035915375
micro-lm:Q4,1,16,tuned T,0.825,0.95,0.013959147036075592,0.1054549291729927
micro-lm:Q4,1,16,"tuned T,p",0.8,0.96,0.01397467590868473,0.10507725179195404
micro-lm:Q4,1,16,temperature+rank,0.8,0.95,0.014262347650170891,0.1078743753279517
micro-lm:Q4,1,16,temperature+token-bias+PCA,0.8,0.95,0.009391899220645428,0.08160194754600525
micro-lm:Q4,1,64,"same T,p",0.8,0.95,0.013446790166199207,0.10412465035915375
micro-lm:Q4,1,64,tuned T,0.825,0.95,0.013959147036075592,0.1054549291729927
micro-lm:Q4,1,64,"tuned T,p",0.8,0.96,0.01397467590868473,0.10507725179195404
micro-lm:Q4,1,64,temperature+rank,0.8,0.95,0.01363357929807984,0.10411595027616706
micro-lm:Q4,1,64,temperature+token-bias+PCA,0.8,0.95,0.008567187003791332,0.07770033180713654
micro-lm:Q4,2,16,"same T,p",0.8,0.95,0.013446790166199207,0.10412465035915375
micro-lm:Q4,2,16,tuned T,0.8,0.95,0.013446790166199207,0.10412465035915375
micro-lm:Q4,2,16,"tuned T,p",0.7749999999999999,0.96,0.013430885039269924,0.10565251111984253
micro-lm:Q4,2,16,temperature+rank,0.8,0.95,0.014256561170516917,0.10905713322758348
micro-lm:Q4,2,16,temperature+token-bias+PCA,0.8,0.95,0.00965812522917986,0.08341516554355621
micro-lm:Q4,2,64,"same T,p",0.8,0.95,0.013446790166199207,0.10412465035915375
micro-lm:Q4,2,64,tuned T,0.8,0.95,0.013446790166199207,0.10412465035915375
micro-lm:Q4,2,64,"tuned T,p",0.8,0.95,0.013446790166199207,0.10412465035915375
micro-lm:Q4,2,64,temperature+rank,0.8,0.95,0.013480680814050043,0.10394776414539832
micro-lm:Q4,2,64,temperature+token-bias+PCA,0.8,0.95,0.00830406416207552,0.07591591775417328
micro-lm:Q4,3,16,"same T,p",0.8,0.95,0.013446790166199207,0.10412465035915375
micro-lm:Q4,3,16,tuned T,0.8,0.95,0.013446790166199207,0.10412465035915375
micro-lm:Q4,3,16,"tuned T,p",0.8,0.95,0.013446790166199207,0.10412465035915375
micro-lm:Q4,3,16,temperature+rank,0.8,0.95,0.013474050771324887,0.10388514498947399
micro-lm:Q4,3,16,temperature+token-bias+PCA,0.8,0.95,0.009740722365677357,0.08342166244983673
micro-lm:Q4,3,64,"same T,p",0.8,0.95,0.013446790166199207,0.10412465035915375
micro-lm:Q4,3,64,tuned T,0.8,0.95,0.013446790166199207,0.10412465035915375
micro-lm:Q4,3,64,"tuned T,p",0.8,0.95,0.013446790166199207,0.10412465035915375
micro-lm:Q4,3,64,temperature+rank,0.8,0.95,0.013614777000045418,0.1044459850897203
micro-lm:Q4,3,64,temperature+token-bias+PCA,0.8,0.95,0.008115659467875957,0.07451179623603821
micro-lm:Q4,4,16,"same T,p",0.8,0.95,0.013446790166199207,0.10412465035915375
micro-lm:Q4,4,16,tuned T,0.825,0.95,0.013959147036075592,0.1054549291729927
micro-lm:Q4,4,16,"tuned T,p",0.875,0.9299999999999999,0.015381104312837124,0.11309393495321274
micro-lm:Q4,4,16,temperature+rank,0.8,0.95,0.014910107313612014,0.11308432906160763
micro-lm:Q4,4,16,temperature+token-bias+PCA,0.8,0.95,0.010561298578977585,0.0879538431763649
micro-lm:Q4,4,64,"same T,p",0.8,0.95,0.013446790166199207,0.10412465035915375
micro-lm:Q4,4,64,tuned T,0.8,0.95,0.013446790166199207,0.10412465035915375
micro-lm:Q4,4,64,"tuned T,p",0.8,0.95,0.013446790166199207,0.10412465035915375
micro-lm:Q4,4,64,temperature+rank,0.8,0.95,0.013616016163146923,0.10469319152969041
micro-lm:Q4,4,64,temperature+token-bias+PCA,0.8,0.95,0.008499589748680592,0.07671689242124557
micro-lm:Q3,0,16,"same T,p",0.8,0.95,0.04901972413063049,0.20896124839782715
micro-lm:Q3,0,16,tuned T,0.875,0.95,0.04417024180293083,0.19597108662128448
micro-lm:Q3,0,16,"tuned T,p",0.8999999999999999,0.94,0.044485777616500854,0.19548602402210236
micro-lm:Q3,0,16,temperature+rank,0.8,0.95,0.044635922063243245,0.19619997980230194
micro-lm:Q3,0,16,temperature+token-bias+PCA,0.8,0.95,0.036497265100479126,0.1813926100730896
micro-lm:Q3,0,64,"same T,p",0.8,0.95,0.04901972413063049,0.20896124839782715
micro-lm:Q3,0,64,tuned T,0.875,0.95,0.04417024180293083,0.19597108662128448
micro-lm:Q3,0,64,"tuned T,p",0.875,0.95,0.04417024180293083,0.19597108662128448
micro-lm:Q3,0,64,temperature+rank,0.8,0.95,0.04459612196886556,0.19689886389101224
micro-lm:Q3,0,64,temperature+token-bias+PCA,0.8,0.95,0.028271645307540894,0.15574517846107483
micro-lm:Q3,1,16,"same T,p",0.8,0.95,0.04901972413063049,0.20896124839782715
micro-lm:Q3,1,16,tuned T,0.875,0.95,0.04417024180293083,0.19597108662128448
micro-lm:Q3,1,16,"tuned T,p",0.925,0.94,0.04465293884277344,0.19604554772377014
micro-lm:Q3,1,16,temperature+rank,0.8,0.95,0.04587925873541737,0.20086419196010627
micro-lm:Q3,1,16,temperature+token-bias+PCA,0.8,0.95,0.031356699764728546,0.16403114795684814
micro-lm:Q3,1,64,"same T,p",0.8,0.95,0.04901972413063049,0.20896124839782715
micro-lm:Q3,1,64,tuned T,0.875,0.95,0.04417024180293083,0.19597108662128448
micro-lm:Q3,1,64,"tuned T,p",0.875,0.95,0.04417024180293083,0.19597108662128448
micro-lm:Q3,1,64,temperature+rank,0.8,0.95,0.04463636311786084,0.1969792741674069
micro-lm:Q3,1,64,temperature+token-bias+PCA,0.8,0.95,0.02814164012670517,0.15408150851726532
micro-lm:Q3,2,16,"same T,p",0.8,0.95,0.04901972413063049,0.20896124839782715
micro-lm:Q3,2,16,tuned T,0.8999999999999999,0.95,0.044294990599155426,0.1955900639295578
micro-lm:Q3,2,16,"tuned T,p",0.8999999999999999,0.95,0.044294990599155426,0.1955900639295578
micro-lm:Q3,2,16,temperature+rank,0.8,0.95,0.04678536180114871,0.2068794525206966
micro-lm:Q3,2,16,temperature+token-bias+PCA,0.8,0.95,0.03346744552254677,0.17167727649211884
micro-lm:Q3,2,64,"same T,p",0.8,0.95,0.04901972413063049,0.20896124839782715
micro-lm:Q3,2,64,tuned T,0.8999999999999999,0.95,0.044294990599155426,0.1955900639295578
micro-lm:Q3,2,64,"tuned T,p",0.8999999999999999,0.95,0.044294990599155426,0.1955900639295578
micro-lm:Q3,2,64,temperature+rank,0.8,0.95,0.04447124733922919,0.19645625129362168
micro-lm:Q3,2,64,temperature+token-bias+PCA,0.8,0.95,0.028259258717298508,0.15511000156402588
micro-lm:Q3,3,16,"same T,p",0.8,0.95,0.04901972413063049,0.20896124839782715
micro-lm:Q3,3,16,tuned T,0.875,0.95,0.04417024180293083,0.19597108662128448
micro-lm:Q3,3,16,"tuned T,p",0.8999999999999999,0.94,0.044485777616500854,0.19548602402210236
micro-lm:Q3,3,16,temperature+rank,0.8,0.95,0.04466980240599599,0.19729730607180762
micro-lm:Q3,3,16,temperature+token-bias+PCA,0.8,0.95,0.03393040597438812,0.17130626738071442
micro-lm:Q3,3,64,"same T,p",0.8,0.95,0.04901972413063049,0.20896124839782715
micro-lm:Q3,3,64,tuned T,0.875,0.95,0.04417024180293083,0.19597108662128448
micro-lm:Q3,3,64,"tuned T,p",0.85,0.96,0.04427403211593628,0.19786867499351501
micro-lm:Q3,3,64,temperature+rank,0.8,0.95,0.04441060851588314,0.1959232691157541
micro-lm:Q3,3,64,temperature+token-bias+PCA,0.8,0.95,0.028602655977010727,0.1560550481081009
micro-lm:Q3,4,16,"same T,p",0.8,0.95,0.04901972413063049,0.20896124839782715
micro-lm:Q3,4,16,tuned T,0.8999999999999999,0.95,0.044294990599155426,0.1955900639295578
micro-lm:Q3,4,16,"tuned T,p",0.8999999999999999,0.95,0.044294990599155426,0.1955900639295578
micro-lm:Q3,4,16,temperature+rank,0.8,0.95,0.0464079660814173,0.20062421552340182
micro-lm:Q3,4,16,temperature+token-bias+PCA,0.8,0.95,0.03416656702756882,0.1730547994375229
micro-lm:Q3,4,64,"same T,p",0.8,0.95,0.04901972413063049,0.20896124839782715
micro-lm:Q3,4,64,tuned T,0.8999999999999999,0.95,0.044294990599155426,0.1955900639295578
micro-lm:Q3,4,64,"tuned T,p",0.8999999999999999,0.95,0.044294990599155426,0.1955900639295578
micro-lm:Q3,4,64,temperature+rank,0.8,0.95,0.044897585281366545,0.19759578536861783
micro-lm:Q3,4,64,temperature+token-bias+PCA,0.8,0.95,0.02815954200923443,0.15437127649784088
