source,trial,calibration_contexts,method,sampling_temperature,kl,js,tv,top1_flip,top10_overlap
controlled:mixed,0,64,identity,0.55,0.2673914194899721,0.06468124010343293,0.280059515485468,0.325,0.7770833333333333
controlled:mixed,0,64,identity,0.8,0.16831968537951186,0.040498747991857736,0.22921572195294676,0.325,0.7770833333333333
controlled:mixed,0,64,identity,1.0,0.11000849709732845,0.02642256305244427,0.18353064011581527,0.325,0.7770833333333333
controlled:mixed,0,64,identity,1.3,0.06118863787257029,0.01479828141999391,0.13490604964500663,0.325,0.7770833333333333
controlled:mixed,0,64,temperature,0.55,0.22295215721657816,0.051461234419519206,0.2382052342289415,0.325,0.7770833333333333
controlled:mixed,0,64,temperature,0.8,0.12353504807949506,0.029470333799565155,0.1856358481481117,0.325,0.7770833333333333
controlled:mixed,0,64,temperature,1.0,0.08058127921897469,0.019482547365234918,0.1509896776536575,0.325,0.7770833333333333
controlled:mixed,0,64,temperature,1.3,0.04720357095200621,0.011551160842620697,0.11582469371300495,0.325,0.7770833333333333
controlled:mixed,0,64,temperature+token-bias,0.55,0.19140883787997134,0.04410245382202156,0.2166792518092773,0.30916666666666665,0.7995000000000001
controlled:mixed,0,64,temperature+token-bias,0.8,0.10691744567174347,0.025536884383466133,0.17022600434348883,0.30916666666666665,0.7995000000000001
controlled:mixed,0,64,temperature+token-bias,1.0,0.07027398479002639,0.017027706560585953,0.1389151230357225,0.30916666666666665,0.7995000000000001
controlled:mixed,0,64,temperature+token-bias,1.3,0.041486862045724396,0.010174242581981392,0.10681378704090085,0.30916666666666665,0.7995000000000001
controlled:mixed,0,64,temperature+token-bias+PCA,0.55,0.01591955760445156,0.003982876902692791,0.0665122519734284,0.1,0.9354166666666667
controlled:mixed,0,64,temperature+token-bias+PCA,0.8,0.009165549212838771,0.0022868849401117383,0.05312721564285461,0.1,0.9354166666666667
controlled:mixed,0,64,temperature+token-bias+PCA,1.0,0.005947749874172277,0.0014829015162593682,0.042878205860826725,0.1,0.9354166666666667
controlled:mixed,0,64,temperature+token-bias+PCA,1.3,0.003417385973509736,0.0008523603628555953,0.03234618048679282,0.1,0.9354166666666667
controlled:mixed,1,64,identity,0.55,0.2673914194899721,0.06468124010343293,0.280059515485468,0.325,0.7770833333333333
controlled:mixed,1,64,identity,0.8,0.16831968537951186,0.040498747991857736,0.22921572195294676,0.325,0.7770833333333333
controlled:mixed,1,64,identity,1.0,0.11000849709732845,0.02642256305244427,0.18353064011581527,0.325,0.7770833333333333
controlled:mixed,1,64,identity,1.3,0.06118863787257029,0.01479828141999391,0.13490604964500663,0.325,0.7770833333333333
controlled:mixed,1,64,temperature,0.55,0.2230519161821366,0.05139091334745983,0.23780586288541763,0.325,0.7770833333333333
controlled:mixed,1,64,temperature,0.8,0.12352498874168447,0.029448912955110044,0.18544437792610183,0.325,0.7770833333333333
controlled:mixed,1,64,temperature,1.0,0.08070325327118617,0.01950839791035514,0.1510222377747392,0.325,0.7770833333333333
controlled:mixed,1,64,temperature,1.3,0.04740931166745719,0.011601510467247696,0.11605049529059627,0.325,0.7770833333333333
controlled:mixed,1,64,temperature+token-bias,0.55,0.19505774792106412,0.04474353340289197,0.21824362792805374,0.30583333333333335,0.80025
controlled:mixed,1,64,temperature+token-bias,0.8,0.10833074290241702,0.025820320927279573,0.17104095410205397,0.30583333333333335,0.80025
controlled:mixed,1,64,temperature+token-bias,1.0,0.07114341735760074,0.017217471269297027,0.1396130015650191,0.30583333333333335,0.80025
controlled:mixed,1,64,temperature+token-bias,1.3,0.04204788889377171,0.010304125548376423,0.10744806120839459,0.30583333333333335,0.80025
controlled:mixed,1,64,temperature+token-bias+PCA,0.55,0.015000625850756007,0.0037582085712305467,0.06421271440014761,0.09833333333333333,0.9370833333333334
controlled:mixed,1,64,temperature+token-bias+PCA,0.8,0.00871562467227809,0.0021765625641651885,0.051652814932862334,0.09833333333333333,0.9370833333333334
controlled:mixed,1,64,temperature+token-bias+PCA,1.0,0.005686965744613738,0.0014187206076717604,0.04192540225457608,0.09833333333333333,0.9370833333333334
controlled:mixed,1,64,temperature+token-bias+PCA,1.3,0.003290045757694945,0.000820871486230915,0.03180487530225481,0.09833333333333333,0.9370833333333334
controlled:mixed,2,64,identity,0.55,0.2673914194899721,0.06468124010343293,0.280059515485468,0.325,0.7770833333333333
controlled:mixed,2,64,identity,0.8,0.16831968537951186,0.040498747991857736,0.22921572195294676,0.325,0.7770833333333333
controlled:mixed,2,64,identity,1.0,0.11000849709732845,0.02642256305244427,0.18353064011581527,0.325,0.7770833333333333
controlled:mixed,2,64,identity,1.3,0.06118863787257029,0.01479828141999391,0.13490604964500663,0.325,0.7770833333333333
controlled:mixed,2,64,temperature,0.55,0.2229567461716854,0.051566584884666235,0.23874059247058435,0.325,0.7770833333333333
controlled:mixed,2,64,temperature,0.8,0.12366539399806399,0.029521835176718483,0.1859686789255575,0.325,0.7770833333333333
controlled:mixed,2,64,temperature,1.0,0.08053578073151262,0.019474836289550754,0.1510575693034497,0.325,0.7770833333333333
controlled:mixed,2,64,temperature,1.3,0.04702882804593326,0.011507960555381069,0.11565057745298311,0.325,0.7770833333333333
controlled:mixed,2,64,temperature+token-bias,0.55,0.1906499984523814,0.04385500603389696,0.21631767016735665,0.305,0.8003333333333333
controlled:mixed,2,64,temperature+token-bias,0.8,0.10680696919704748,0.02549768181169214,0.17051029154371894,0.305,0.8003333333333333
controlled:mixed,2,64,temperature+token-bias,1.0,0.07021631819129366,0.01701186436977269,0.13917658848247483,0.305,0.8003333333333333
controlled:mixed,2,64,temperature+token-bias,1.3,0.04140592606876028,0.010155387437748489,0.10689555296941383,0.305,0.8003333333333333
controlled:mixed,2,64,temperature+token-bias+PCA,0.55,0.016299752075696266,0.004088632317534437,0.06740719880597645,0.0975,0.9346666666666666
controlled:mixed,2,64,temperature+token-bias+PCA,0.8,0.009551927813309193,0.00238562009819359,0.05423631282094291,0.0975,0.9346666666666666
controlled:mixed,2,64,temperature+token-bias+PCA,1.0,0.006209357065814031,0.0015485654954809952,0.04383162701542142,0.0975,0.9346666666666666
controlled:mixed,2,64,temperature+token-bias+PCA,1.3,0.003543209650196541,0.0008836950126362834,0.03293937340427825,0.0975,0.9346666666666666
controlled:mixed,3,64,identity,0.55,0.2673914194899721,0.06468124010343293,0.280059515485468,0.325,0.7770833333333333
controlled:mixed,3,64,identity,0.8,0.16831968537951186,0.040498747991857736,0.22921572195294676,0.325,0.7770833333333333
controlled:mixed,3,64,identity,1.0,0.11000849709732845,0.02642256305244427,0.18353064011581527,0.325,0.7770833333333333
controlled:mixed,3,64,identity,1.3,0.06118863787257029,0.01479828141999391,0.13490604964500663,0.325,0.7770833333333333
controlled:mixed,3,64,temperature,0.55,0.22295795644258,0.05145295830349778,0.23816055069117023,0.325,0.7770833333333333
controlled:mixed,3,64,temperature,0.8,0.1235293994933147,0.029467060719834848,0.18561076530171397,0.325,0.7770833333333333
controlled:mixed,3,64,temperature,1.0,0.08059032469982676,0.019484389930466903,0.15098925560983698,0.325,0.7770833333333333
controlled:mixed,3,64,temperature,1.3,0.047222627703321036,0.01155584146048942,0.11584510029344891,0.325,0.7770833333333333
controlled:mixed,3,64,temperature+token-bias,0.55,0.19241578504140705,0.04425472095179761,0.21716706729611446,0.30333333333333334,0.79825
controlled:mixed,3,64,temperature+token-bias,0.8,0.10785751605477963,0.025717201039785028,0.17084189701598687,0.30333333333333334,0.79825
controlled:mixed,3,64,temperature+token-bias,1.0,0.07097950716268361,0.017172561716845336,0.13956212986841834,0.30333333333333334,0.79825
controlled:mixed,3,64,temperature+token-bias,1.3,0.04193148723355997,0.010271825610098177,0.10739803328947146,0.30333333333333334,0.79825
controlled:mixed,3,64,temperature+token-bias+PCA,0.55,0.015940653519391598,0.003990071087934873,0.06625538171659878,0.1025,0.9330833333333334
controlled:mixed,3,64,temperature+token-bias+PCA,0.8,0.009271223068223037,0.0023141198857602116,0.05328172374505216,0.1025,0.9330833333333334
controlled:mixed,3,64,temperature+token-bias+PCA,1.0,0.006048709497677698,0.0015083739832033323,0.043196151450667214,0.1025,0.9330833333333334
controlled:mixed,3,64,temperature+token-bias+PCA,1.3,0.003486749847221399,0.000869712142588406,0.03265909761743566,0.1025,0.9330833333333334
controlled:mixed,4,64,identity,0.55,0.2673914194899721,0.06468124010343293,0.280059515485468,0.325,0.7770833333333333
controlled:mixed,4,64,identity,0.8,0.16831968537951186,0.040498747991857736,0.22921572195294676,0.325,0.7770833333333333
controlled:mixed,4,64,identity,1.0,0.11000849709732845,0.02642256305244427,0.18353064011581527,0.325,0.7770833333333333
controlled:mixed,4,64,identity,1.3,0.06118863787257029,0.01479828141999391,0.13490604964500663,0.325,0.7770833333333333
controlled:mixed,4,64,temperature,0.55,0.22294822499892467,0.05146810853294397,0.23824205054970263,0.325,0.7770833333333333
controlled:mixed,4,64,temperature,0.8,0.12354040175380696,0.029473163875417072,0.18565683223520332,0.325,0.7770833333333333
controlled:mixed,4,64,temperature,1.0,0.0805745541567714,0.019481195054153383,0.15099082734921077,0.325,0.7770833333333333
controlled:mixed,4,64,temperature,1.3,0.04718850902790884,0.011547458223817848,0.11580859886535026,0.325,0.7770833333333333
controlled:mixed,4,64,temperature+token-bias,0.55,0.192013965800286,0.044107992259515,0.21674931107296885,0.30583333333333335,0.7989166666666667
controlled:mixed,4,64,temperature+token-bias,0.8,0.1076968425927934,0.025690222182825958,0.1710658919734624,0.30583333333333335,0.7989166666666667
controlled:mixed,4,64,temperature+token-bias,1.0,0.0708673514558938,0.017162042583362524,0.1397444773553067,0.30583333333333335,0.7989166666666667
controlled:mixed,4,64,temperature+token-bias,1.3,0.04183822776681406,0.010259135479572086,0.10741687081473408,0.30583333333333335,0.7989166666666667
controlled:mixed,4,64,temperature+token-bias+PCA,0.55,0.01572046531551895,0.003931421532501032,0.06617721424009297,0.09666666666666666,0.9354166666666667
controlled:mixed,4,64,temperature+token-bias+PCA,0.8,0.00909257060047869,0.002268071366140721,0.05287942879811001,0.09666666666666666,0.9354166666666667
controlled:mixed,4,64,temperature+token-bias+PCA,1.0,0.0059039655493037775,0.0014715987487781846,0.04271335517619668,0.09666666666666666,0.9354166666666667
controlled:mixed,4,64,temperature+token-bias+PCA,1.3,0.0033903591069767503,0.0008454567265375162,0.032255832662487105,0.09666666666666666,0.9354166666666667
micro-lm:Q3,0,64,identity,0.55,0.24443744122982025,0.0512528158724308,0.21966910362243652,0.2565,0.805575
micro-lm:Q3,0,64,identity,0.8,0.16311593353748322,0.03670452535152435,0.20009468495845795,0.2565,0.805575
micro-lm:Q3,0,64,identity,1.0,0.12191928178071976,0.02834969013929367,0.18185050785541534,0.2565,0.805575
micro-lm:Q3,0,64,identity,1.3,0.08147113025188446,0.01949470117688179,0.15426088869571686,0.2565,0.805575
micro-lm:Q3,0,64,temperature,0.55,0.20577985048294067,0.046600036323070526,0.21018542349338531,0.2565,0.805575
micro-lm:Q3,0,64,temperature,0.8,0.1369035392999649,0.032665275037288666,0.1873127818107605,0.2565,0.805575
micro-lm:Q3,0,64,temperature,1.0,0.10348179191350937,0.025146469473838806,0.16879549622535706,0.2565,0.805575
micro-lm:Q3,0,64,temperature,1.3,0.07080257683992386,0.017421845346689224,0.14340081810951233,0.2565,0.805575
micro-lm:Q3,0,64,temperature+token-bias,0.55,0.1466064453125,0.03419158607721329,0.18628451228141785,0.22925,0.8452750000000001
micro-lm:Q3,0,64,temperature+token-bias,0.8,0.09288068860769272,0.02248920500278473,0.16011787950992584,0.22925,0.8452750000000001
micro-lm:Q3,0,64,temperature+token-bias,1.0,0.06836380809545517,0.01676274836063385,0.1411219835281372,0.22925,0.8452750000000001
micro-lm:Q3,0,64,temperature+token-bias,1.3,0.04569373279809952,0.011299566365778446,0.11741728335618973,0.22925,0.8452750000000001
micro-lm:Q3,0,64,temperature+token-bias+PCA,0.55,0.1240357756614685,0.029280560091137886,0.16791875660419464,0.2025,0.8572500000000002
micro-lm:Q3,0,64,temperature+token-bias+PCA,0.8,0.07983145117759705,0.01943904347717762,0.14618927240371704,0.2025,0.8572500000000002
micro-lm:Q3,0,64,temperature+token-bias+PCA,1.0,0.05892705172300339,0.01449514552950859,0.1294826865196228,0.2025,0.8572500000000002
micro-lm:Q3,0,64,temperature+token-bias+PCA,1.3,0.03932228684425354,0.009738923981785774,0.107901431620121,0.2025,0.8572500000000002
micro-lm:Q3,1,64,identity,0.55,0.24443744122982025,0.0512528158724308,0.21966910362243652,0.2565,0.805575
micro-lm:Q3,1,64,identity,0.8,0.16311593353748322,0.03670452535152435,0.20009468495845795,0.2565,0.805575
micro-lm:Q3,1,64,identity,1.0,0.12191928178071976,0.02834969013929367,0.18185050785541534,0.2565,0.805575
micro-lm:Q3,1,64,identity,1.3,0.08147113025188446,0.01949470117688179,0.15426088869571686,0.2565,0.805575
micro-lm:Q3,1,64,temperature,0.55,0.2092110961675644,0.046852629631757736,0.21032793819904327,0.2565,0.805575
micro-lm:Q3,1,64,temperature,0.8,0.13800936937332153,0.0326516330242157,0.18697386980056763,0.2565,0.805575
micro-lm:Q3,1,64,temperature,1.0,0.10362103581428528,0.025020556524395943,0.1680544912815094,0.2565,0.805575
micro-lm:Q3,1,64,temperature,1.3,0.07039577513933182,0.017251702025532722,0.14243535697460175,0.2565,0.805575
micro-lm:Q3,1,64,temperature+token-bias,0.55,0.1513422429561615,0.03471466898918152,0.18620553612709045,0.2215,0.8471250000000002
micro-lm:Q3,1,64,temperature+token-bias,0.8,0.09503138810396194,0.022738944739103317,0.1602698415517807,0.2215,0.8471250000000002
micro-lm:Q3,1,64,temperature+token-bias,1.0,0.06921815127134323,0.016820471733808517,0.1409740000963211,0.2215,0.8471250000000002
micro-lm:Q3,1,64,temperature+token-bias,1.3,0.04566798359155655,0.011224595829844475,0.11685621738433838,0.2215,0.8471250000000002
micro-lm:Q3,1,64,temperature+token-bias+PCA,0.55,0.13283902406692505,0.03089992143213749,0.1746053844690323,0.223,0.8563750000000001
micro-lm:Q3,1,64,temperature+token-bias+PCA,0.8,0.0842776969075203,0.02028215117752552,0.1503838300704956,0.223,0.8563750000000001
micro-lm:Q3,1,64,temperature+token-bias+PCA,1.0,0.06146508827805519,0.014982983469963074,0.1323259472846985,0.223,0.8563750000000001
micro-lm:Q3,1,64,temperature+token-bias+PCA,1.3,0.040454965084791183,0.009959165938198566,0.10958625376224518,0.223,0.8563750000000001
micro-lm:Q3,2,64,identity,0.55,0.24443744122982025,0.0512528158724308,0.21966910362243652,0.2565,0.805575
micro-lm:Q3,2,64,identity,0.8,0.16311593353748322,0.03670452535152435,0.20009468495845795,0.2565,0.805575
micro-lm:Q3,2,64,identity,1.0,0.12191928178071976,0.02834969013929367,0.18185050785541534,0.2565,0.805575
micro-lm:Q3,2,64,identity,1.3,0.08147113025188446,0.01949470117688179,0.15426088869571686,0.2565,0.805575
micro-lm:Q3,2,64,temperature,0.55,0.20618818700313568,0.04662365838885307,0.21017251908779144,0.2565,0.805575
micro-lm:Q3,2,64,temperature,0.8,0.13699443638324738,0.032650407403707504,0.18721002340316772,0.2565,0.805575
micro-lm:Q3,2,64,temperature,1.0,0.10344930738210678,0.025117509067058563,0.16864584386348724,0.2565,0.805575
micro-lm:Q3,2,64,temperature,1.3,0.07071048021316528,0.017389945685863495,0.14322341978549957,0.2565,0.805575
micro-lm:Q3,2,64,temperature+token-bias,0.55,0.14133355021476746,0.03283277153968811,0.17964157462120056,0.2165,0.8487
micro-lm:Q3,2,64,temperature+token-bias,0.8,0.09013570845127106,0.021755540743470192,0.15572768449783325,0.2165,0.8487
micro-lm:Q3,2,64,temperature+token-bias,1.0,0.06642553210258484,0.016247214749455452,0.137851282954216,0.2165,0.8487
micro-lm:Q3,2,64,temperature+token-bias,1.3,0.04442160204052925,0.01096639595925808,0.11509493738412857,0.2165,0.8487
micro-lm:Q3,2,64,temperature+token-bias+PCA,0.55,0.1281769573688507,0.029963085427880287,0.17054669559001923,0.2125,0.8546750000000002
micro-lm:Q3,2,64,temperature+token-bias+PCA,0.8,0.08199519664049149,0.019834768027067184,0.14816345274448395,0.2125,0.8546750000000002
micro-lm:Q3,2,64,temperature+token-bias+PCA,1.0,0.060207631438970566,0.014740783721208572,0.1308644860982895,0.2125,0.8546750000000002
micro-lm:Q3,2,64,temperature+token-bias+PCA,1.3,0.03997635468840599,0.009872419759631157,0.10881399363279343,0.2125,0.8546750000000002
micro-lm:Q3,3,64,identity,0.55,0.24443744122982025,0.0512528158724308,0.21966910362243652,0.2565,0.805575
micro-lm:Q3,3,64,identity,0.8,0.16311593353748322,0.03670452535152435,0.20009468495845795,0.2565,0.805575
micro-lm:Q3,3,64,identity,1.0,0.12191928178071976,0.02834969013929367,0.18185050785541534,0.2565,0.805575
micro-lm:Q3,3,64,identity,1.3,0.08147113025188446,0.01949470117688179,0.15426088869571686,0.2565,0.805575
micro-lm:Q3,3,64,temperature,0.55,0.20598919689655304,0.046611860394477844,0.21017733216285706,0.2565,0.805575
micro-lm:Q3,3,64,temperature,0.8,0.1369483768939972,0.03265708312392235,0.18725667893886566,0.2565,0.805575
micro-lm:Q3,3,64,temperature,1.0,0.10346304625272751,0.025131022557616234,0.16871638596057892,0.2565,0.805575
micro-lm:Q3,3,64,temperature,1.3,0.07075349241495132,0.01740499585866928,0.14330706000328064,0.2565,0.805575
micro-lm:Q3,3,64,temperature+token-bias,0.55,0.14161428809165955,0.033123698085546494,0.18169242143630981,0.22025,0.8465750000000002
micro-lm:Q3,3,64,temperature+token-bias,0.8,0.09074494242668152,0.02200898341834545,0.1573893129825592,0.22025,0.8465750000000002
micro-lm:Q3,3,64,temperature+token-bias,1.0,0.06718243658542633,0.0164907556027174,0.13938991725444794,0.22025,0.8465750000000002
micro-lm:Q3,3,64,temperature+token-bias,1.3,0.04513805732131004,0.011168091557919979,0.11647903174161911,0.22025,0.8465750000000002
micro-lm:Q3,3,64,temperature+token-bias+PCA,0.55,0.13441042602062225,0.031375691294670105,0.1740807741880417,0.21825,0.8561500000000002
micro-lm:Q3,3,64,temperature+token-bias+PCA,0.8,0.08517557382583618,0.02064625918865204,0.15085747838020325,0.21825,0.8561500000000002
micro-lm:Q3,3,64,temperature+token-bias+PCA,1.0,0.06222810223698616,0.015270156785845757,0.1329811066389084,0.21825,0.8561500000000002
micro-lm:Q3,3,64,temperature+token-bias+PCA,1.3,0.04111824557185173,0.010173054412007332,0.11032287031412125,0.21825,0.8561500000000002
micro-lm:Q3,4,64,identity,0.55,0.24443744122982025,0.0512528158724308,0.21966910362243652,0.2565,0.805575
micro-lm:Q3,4,64,identity,0.8,0.16311593353748322,0.03670452535152435,0.20009468495845795,0.2565,0.805575
micro-lm:Q3,4,64,identity,1.0,0.12191928178071976,0.02834969013929367,0.18185050785541534,0.2565,0.805575
micro-lm:Q3,4,64,identity,1.3,0.08147113025188446,0.01949470117688179,0.15426088869571686,0.2565,0.805575
micro-lm:Q3,4,64,temperature,0.55,0.2081964761018753,0.04676705598831177,0.21023501455783844,0.2565,0.805575
micro-lm:Q3,4,64,temperature,0.8,0.1376124918460846,0.03263305500149727,0.1869785189628601,0.2565,0.805575
micro-lm:Q3,4,64,temperature,1.0,0.10349554568529129,0.02503383718430996,0.16816498339176178,0.2565,0.805575
micro-lm:Q3,4,64,temperature,1.3,0.07044088840484619,0.017281990498304367,0.1426086723804474,0.2565,0.805575
micro-lm:Q3,4,64,temperature+token-bias,0.55,0.1481107622385025,0.034351494163274765,0.18719922006130219,0.23225,0.8474500000000001
micro-lm:Q3,4,64,temperature+token-bias,0.8,0.09253789484500885,0.022296758368611336,0.15974865853786469,0.23225,0.8474500000000001
micro-lm:Q3,4,64,temperature+token-bias,1.0,0.06741917878389359,0.016464443877339363,0.14004850387573242,0.23225,0.8474500000000001
micro-lm:Q3,4,64,temperature+token-bias,1.3,0.04460901394486427,0.010999799706041813,0.11592195928096771,0.23225,0.8474500000000001
micro-lm:Q3,4,64,temperature+token-bias+PCA,0.55,0.14071503281593323,0.0326504223048687,0.18030963838100433,0.22775,0.8545250000000001
micro-lm:Q3,4,64,temperature+token-bias+PCA,0.8,0.08784636110067368,0.021182831376791,0.1545497179031372,0.22775,0.8545250000000001
micro-lm:Q3,4,64,temperature+token-bias+PCA,1.0,0.0636790320277214,0.015561315231025219,0.1354551613330841,0.22775,0.8545250000000001
micro-lm:Q3,4,64,temperature+token-bias+PCA,1.3,0.04177108034491539,0.010304568335413933,0.11176855117082596,0.22775,0.8545250000000001
